AA_FOSSIL_FUEL_INFORMATION.FACILITY_ID,AA_FOSSIL_FUEL_INFORMATION.REPORTING_YEAR,AA_FOSSIL_FUEL_INFORMATION.FACILITY_NAME,AA_FOSSIL_FUEL_INFORMATION.FUEL_TYPE,AA_FOSSIL_FUEL_INFORMATION.FUEL_TYPE_BLEND,AA_FOSSIL_FUEL_INFORMATION.PCT_HEAT_INPUT_COMBUSTED,AA_FOSSIL_FUEL_INFORMATION.PCT_HEAT_INPUT_COMBUSTED_IND,AA_FOSSIL_FUEL_INFORMATION.PCT_HEAT_INPUT_COMBUSTED_SUB,AA_FOSSIL_FUEL_INFORMATION.TIER2_HHV_DETERMIN_FREQ_OTH,AA_FOSSIL_FUEL_INFORMATION.TIER3_CARBON_DETERMIN_FREQUENC,AA_FOSSIL_FUEL_INFORMATION.TIER3_CARBON_DETERMIN_NUM_SUB,AA_FOSSIL_FUEL_INFORMATION.TIER3_CARBON_DETERMIN_NUM_VALI,AA_FOSSIL_FUEL_INFORMATION.TIER3_MOL_DETERMIN_FREQ,AA_FOSSIL_FUEL_INFORMATION.TIER3_MOL_DETERMIN_FREQ_OTHER,AA_FOSSIL_FUEL_INFORMATION.TIER3_MOL_DETERMIN_NUMBER,AA_FOSSIL_FUEL_INFORMATION.TIER3_MOL_DETERMIN_NUM_VALID,AA_FOSSIL_FUEL_INFORMATION.TIER_1_CH4_EMISSIONS,AA_FOSSIL_FUEL_INFORMATION.TIER_1_CH4_EMISSIONS_CO2E,AA_FOSSIL_FUEL_INFORMATION.TIER_1_CO2_EMISSIONS,AA_FOSSIL_FUEL_INFORMATION.TIER_1_END_DATE,AA_FOSSIL_FUEL_INFORMATION.TIER_1_METHOD_EQUATION,AA_FOSSIL_FUEL_INFORMATION.TIER_1_N2O_EMISSIONS,AA_FOSSIL_FUEL_INFORMATION.TIER_1_N2O_EMISSIONS_CO2E,AA_FOSSIL_FUEL_INFORMATION.TIER_1_START_DATE,AA_FOSSIL_FUEL_INFORMATION.TIER_2_CH4_EMISSIONS,AA_FOSSIL_FUEL_INFORMATION.TIER_2_CH4_EMISSIONS_CO2E,AA_FOSSIL_FUEL_INFORMATION.TIER_2_CO2_EMISSIONS,AA_FOSSIL_FUEL_INFORMATION.TIER_2_END_DATE,AA_FOSSIL_FUEL_INFORMATION.TIER_2_HHV_DETERMIN_FREQUENCY,AA_FOSSIL_FUEL_INFORMATION.TIER_2_METHOD_EQUATION,AA_FOSSIL_FUEL_INFORMATION.TIER_2_N2O_EMISSIONS,AA_FOSSIL_FUEL_INFORMATION.TIER_2_N2O_EMISSIONS_CO2E,AA_FOSSIL_FUEL_INFORMATION.TIER_2_START_DATE,AA_FOSSIL_FUEL_INFORMATION.TIER_3_CH4_EMISSIONS,AA_FOSSIL_FUEL_INFORMATION.TIER_3_CH4_EMISSIONS_CO2E,AA_FOSSIL_FUEL_INFORMATION.TIER_3_CO2_EMISSIONS,AA_FOSSIL_FUEL_INFORMATION.TIER_3_END_DATE,AA_FOSSIL_FUEL_INFORMATION.TIER_3_METHOD_EQUATION,AA_FOSSIL_FUEL_INFORMATION.TIER_3_N2O_EMISSIONS,AA_FOSSIL_FUEL_INFORMATION.TIER_3_N2O_EMISSIONS_CO2E,AA_FOSSIL_FUEL_INFORMATION.TIER_3_OPERATING_HOURS_SUB,AA_FOSSIL_FUEL_INFORMATION.TIER_3_START_DATE,AA_FOSSIL_FUEL_INFORMATION.UNIT_NAME
1007917,2015,ALABAMA RIVER CELLULOSE  LLC,Natural Gas (Weighted U.S. Average),,0.9517,,,,,,,,,,,2.4,60,47192,2015-12-31-00:0,Tier 1 (Equation C-1),0,0,2015-01-01-00:0,,,,,,,,,,,,,,,,,,,X003
1007917,2015,ALABAMA RIVER CELLULOSE  LLC,Distillate Fuel Oil No. 2,,,,,,,,,,,,,.14,3.6,3514.2,2015-12-31-00:0,Tier 1 (Equation C-1),.029,8.5,2015-01-01-00:0,,,,,,,,,,,,,,,,,,,X001
1005579,2015,WestRock CP  LLC - West Point Mill,Natural Gas (Weighted U.S. Average),,0.991,,,,,,,,,,,1.4,35.1,27587.7,2015-12-31-00:0,Tier 1 (Equation C-1),0,0,2015-01-01-00:0,,,,,,,,,,,,,,,,,,,LK2
1000230,2015,Blue Ridge Paper Products Inc.,Propane,,0.0025,,,,,,,,,,,0,.1,42.7,2015-12-31-00:0,Tier 1 (Equation C-1),0,0,2015-01-01-00:0,,,,,,,,,,,,,,,,,,,Lime Kiln No.4
1000319,2015,WestRock CP  LLC - Florence Mill,Residual Fuel Oil No. 6,,,,,,,,,,,,,.15,3.8,3820.3,2015-12-31-00:0,Tier 1 (Equation C-1),.031,9.1,2015-01-01-00:0,,,,,,,,,,,,,,,,,,,RF1
1000319,2015,WestRock CP  LLC - Florence Mill,Natural Gas (Weighted U.S. Average),,0.991,,,,,,,,,,,1.21,30.4,23858.6,2015-12-31-00:0,Tier 1 (Equation C-1),0,0,2015-01-01-00:0,,,,,,,,,,,,,,,,,,,LK1
1007226,2015,International Paper-Riegelwood,Residual Fuel Oil No. 6,,,,,,Once per fuel lot,0,20,,,,,,,,,,,,,,,,,,,,,,.26,6.6,7119.7,2015-12-31-00:0,Tier 3 (Equation C-4,.053,15.7,,2015-01-01-00:0,RB4
1007226,2015,International Paper-Riegelwood,Residual Fuel Oil No. 6,,1,,,,Once per fuel lot,0,20,,,,,,,,,,,,,,,,,,,,,,.04,1.1,1336,2015-12-31-00:0,Tier 3 (Equation C-4,0,0,,2015-01-01-00:0,LK3
1000324,2015,Marlboro Paper Mill,Natural Gas (Weighted U.S. Average),,,,,,,,,,,,,,,,,,,,,.01,.2,329.2,2015-12-31-00:0,Hourly,Tier 2 (Equation C-2,.001,.2,2015-01-01-00:0,,,,,,,,,,Recovery Boiler
1002893,2015,BOISE PAPER,Natural Gas (Weighted U.S. Average),,,,,,,,,,,,,,,,,,,,,.05,1.2,2620.1,2015-12-31-00:0,Daily,Tier 2 (Equation C-2,.005,1.5,2015-01-01-00:0,,,,,,,,,,No. 3 Recovery Furnace
1000593,2015,VERSO ANDROSCOGGIN LLC,Natural Gas (Weighted U.S. Average),,0.875,,,,,,,,,,,,,20481.4,2015-12-31-00:0,Tier 1 (Equation C-1),,,2015-01-01-00:0,,,,,,,,,,,,,,,,,,,A Lime Kiln
1000593,2015,VERSO ANDROSCOGGIN LLC,Used Oil,,0.125,,,,,,,,,,,.17,4.1,4078.9,2015-12-31-00:0,Tier 1 (Equation C-1),.033,9.9,2015-01-01-00:0,,,,,,,,,,,,,,,,,,,A Lime Kiln
1008025,2015,LEAF RIVER CELLULOSE LLC,Natural Gas (Weighted U.S. Average),,,,,,,,,,,,,,,,,,,,,.1,2.5,5357.2,2015-12-31-00:0,Monthly,Tier 2 (Equation C-2,.01,3,2015-01-01-00:0,,,,,,,,,,AA-011
1004901,2015,WEYERHAEUSER PORT WENTWORTH,Natural Gas (Weighted U.S. Average),,,,,Annually by vendor,,,,,,,,,,,,,,,,.23,5.7,12124,2015-12-31-00:0,Monthly,Tier 2 (Equation C-2,.023,6.8,2015-01-01-00:0,,,,,,,,,,RE01
1003943,2015,GREIF RIVERVILLE LLC,Natural Gas (Weighted U.S. Average),,,,,,,,,,,,,.39,9.8,20763.2,2015-12-31-00:0,Tier 1 (Equation C-1),.039,11.7,2015-01-01-00:0,,,,,,,,,,,,,,,,,,,Recovery Boiler
1004705,2015,CLEARWATER PAPER CORP,Natural Gas (Weighted U.S. Average),,,,,,,,,,,,,.22,5.4,11426.2,2015-12-31-00:0,Tier 1 (Equation C-1),.022,6.4,2015-01-01-00:0,,,,,,,,,,,,,,,,,,,Number 5 Recovery Furnace
1004705,2015,CLEARWATER PAPER CORP,Natural Gas (Weighted U.S. Average),,1,,,,,,,,,,,1.45,36.2,28478.5,2015-12-31-00:0,Tier 1 (Equation C-1),0,0,2015-01-01-00:0,,,,,,,,,,,,,,,,,,,Number 3 Lime Kiln
1003501,2015,EVERGREEN PACKAGING-PINE BLUFF,Natural Gas (Weighted U.S. Average),,,,,,,,,,,,,.03,.7,1457.6,2015-12-31-00:0,Tier 1 (Equation C-1),.003,.8,2015-01-01-00:0,,,,,,,,,,,,,,,,,,,Recovery Boiler No. 2
1005012,2015,WESTROCK CP  LLC - HODGE MILL,Natural Gas (Weighted U.S. Average),,1,,,,,,,,,,,1.46,36.6,28784.2,2015-12-31-00:0,Tier 1 (Equation C-1),0,0,2015-01-01-00:0,,,,,,,,,,,,,,,,,,,LK1
1000345,2015,Foley Cellulose  LLC,Residual Fuel Oil No. 6,,,,,,Once per fuel lot,0,57,,,,,,,,,,,,,,,,,,,,,,.07,1.7,1751.3,2015-12-31-00:0,Tier 3 (Equation C-4,.014,4.1,,2015-01-01-00:0,No. 3 Recovery Boiler
1000262,2015,WestRock Coated Board  LLC,Natural Gas (Weighted U.S. Average),,,,,,,,,,,,,,,,,,,,,.08,2,4297.6,2015-12-31-00:0,Monthly,Tier 2 (Equation C-2,.008,2.4,2015-01-01-00:0,,,,,,,,,,No 1. Recovery Furnace
1000262,2015,WestRock Coated Board  LLC,Natural Gas (Weighted U.S. Average),,0.95,,,,,,,,,,,,,,,,,,,1.91,47.9,37620.9,2015-12-31-00:0,Monthly,Tier 2 (Equation C-2,0,0,2015-01-01-00:0,,,,,,,,,,No. 1 Lime Kiln
1007196,2015,Wickliffe Paper Company,Natural Gas (Weighted U.S. Average),,,,,,,,,,,,,,,,,,,,,.24,5.9,12517,2015-12-31-00:0,Semiannually,Tier 2 (Equation C-2,.024,7.2,2015-01-01-00:0,,,,,,,,,,03
1002149,2015,International Paper - Springfield Mill,Natural Gas (Weighted U.S. Average),,,,,,,,,,,,,,,,,,,,,.24,6.1,12940.9,2015-12-31-00:0,Monthly,Tier 2 (Equation C-2,.024,7.3,2015-01-01-00:0,,,,,,,,,,#4 Kraft Recovery Furnace EU445C
1007867,2015,Packaging Corporation of America,Natural Gas (Weighted U.S. Average),,1.0,,,,,,,,,,,,,,,,,,,1.62,40.5,31800.3,2015-12-31-00:0,Daily,Tier 2 (Equation C-2,0,0,2015-01-01-00:0,,,,,,,,,,Lime Kiln #2
1005909,2015,International Paper - Orange Mill,Natural Gas (Weighted U.S. Average),,,,,,,,,,,,,,,,,,,,,.14,3.4,7273.3,2015-12-31-00:0,Monthly,Tier 2 (Equation C-2,.014,4.1,2015-01-01-00:0,,,,,,,,,,RF2
1000348,2015,Resolute FP US Inc. - Catawba Operations,Residual Fuel Oil No. 6,,,,,,,,,,,,,.29,7.3,7349.8,2015-12-31-00:0,Tier 1 (Equation C-1),.059,17.5,2015-01-01-00:0,,,,,,,,,,,,,,,,,,,07-5105
1000348,2015,Resolute FP US Inc. - Catawba Operations,Residual Fuel Oil No. 6,,0.00001,,,,,,,,,,,.03,.7,773.4,2015-12-31-00:0,Tier 1 (Equation C-1),0,0,2015-01-01-00:0,,,,,,,,,,,,,,,,,,,07-2723
1006262,2015,International Paper-Eastover Mill,Residual Fuel Oil No. 6,,0.009,,,,,,,,,,,,,,,,,,,.02,.5,514.1,2015-12-31-00:0,Once per fuel lot,Tier 2 (Equation C-2,0,0,2015-01-01-00:0,,,,,,,,,,No.2 Lime Kiln
1004886,2015,INTERSTATE PAPER LLC,Natural Gas (Weighted U.S. Average),,0.95,,,Use a constant factor,,,,,,,,,,,,,,,,.64,16,12556.8,2015-12-31-00:0,Other (specify),Tier 2 (Equation C-2,0,0,2015-01-01-00:0,,,,,,,,,,Lime Kiln
1006095,2015,WISCONSIN RAPIDS FIBER AND ENERGY MILL,Natural Gas (Weighted U.S. Average),,,,,,,,,,,,,.03,.7,1519.2,2015-12-31-00:0,Tier 1 (Equation C-1),.003,.9,2015-01-01-00:0,,,,,,,,,,,,,,,,,,,Recovery Boiler #1 (P39)
1002823,2015,GEORGIA-PACIFIC CEDAR SPRINGS LLC,Distillate Fuel Oil No. 2,,,,,,,,,,,,,.26,6.6,6478.1,2015-12-31-00:0,Tier 1 (Equation C-1),.053,15.7,2015-01-01-00:0,,,,,,,,,,,,,,,,,,,No. 2 Recovery Furnace (R401)
1000228,2015,Weyerhaeuser - New Bern,Natural Gas (Weighted U.S. Average),,,,,,,,,,,,,,,,,,,,,.11,2.6,5619.7,2015-12-31-00:0,Daily,Tier 2 (Equation C-2,.011,3.2,2015-01-01-00:0,,,,,,,,,,Recovery Furnace
1002963,2015,BOISE WHITE PAPER MILL,Distillate Fuel Oil No. 2,,,,,,,,,,,,,.03,.7,642,2015-12-31-00:0,Tier 1 (Equation C-1),.005,1.6,2015-01-01-00:0,,,,,,,,,,,,,,,,,,,Z011
1002963,2015,BOISE WHITE PAPER MILL,Natural Gas (Weighted U.S. Average),,1,,,,,,,,,,,1.21,30.2,23709.6,2015-12-31-00:0,Tier 1 (Equation C-1),0,0,2015-01-01-00:0,,,,,,,,,,,,,,,,,,,Z003
1005959,2015,DOMTAR PAPER KINGSPORT MILL,Natural Gas (Weighted U.S. Average),,,,,,,,,,,,,,,,,,,,,.13,3.2,6824.7,2015-12-31-00:0,Monthly,Tier 2 (Equation C-2,.013,3.8,2015-01-01-00:0,,,,,,,,,,82-0022-34
1003320,2015,ESCANABA PAPER COMPANY,Residual Fuel Oil No. 6,,,,,,Monthly,0,12,,,,,,,,,,,,,,,,,,,,,,.2,5,5420.2,2015-12-31-00:0,Tier 3 (Equation C-4,.04,12,,2015-01-01-00:0,EURF15
1002305,2015,WESTROCK TEXAS  L.P.,Natural Gas (Weighted U.S. Average),,0.425,,,,,,,,,,,.64,16,12542,2015-12-31-00:0,Tier 1 (Equation C-1),0,0,2015-01-01-00:0,,,,,,,,,,,,,,,,,,,No. 1 Lime Kiln
1002305,2015,WESTROCK TEXAS  L.P.,Natural Gas (Weighted U.S. Average),,,,,,,,,,,,,.03,.8,1787.1,2015-12-31-00:0,Tier 1 (Equation C-1),.003,1,2015-01-01-00:0,,,,,,,,,,,,,,,,,,,No. 3 Recovery Boiler
1001906,2015,RAYONIER PERFORMANCE FIBERS LLC Fernandina Mill,Residual Fuel Oil No. 6,,,,,,,,,,,,,.27,6.6,6646.4,2015-12-31-00:0,Tier 1 (Equation C-1),.053,15.8,2015-01-01-00:0,,,,,,,,,,,,,,,,,,,Recovery Boiler
1000961,2015,DOMTAR PAPER CO LLC HAWESVILLE MILL,Natural Gas (Weighted U.S. Average),,0.95,,,,,,,,,,,,,,,,,,,.67,16.8,35589.5,2015-12-31-00:0,Semiannually,Tier 2 (Equation C-2,.067,20,2015-01-01-00:0,,,,,,,,,,No. 3 Lime Kiln
1006360,2015,WEYERHAEUSER NR COMPANY,Residual Fuel Oil No. 6,,,,,,,,,,,,,.15,3.8,3760.5,2015-12-31-00:0,Tier 1 (Equation C-1),.03,9,2015-01-01-00:0,,,,,,,,,,,,,,,,,,,GHG-01_RB10
1006958,2015,WestRock CP  LLC - Panama City Mill (Formerly RockTenn),Natural Gas (Weighted U.S. Average),,,,,,,,,,,,,.34,8.5,18073.9,2015-12-31-00:0,Tier 1 (Equation C-1),.034,10.2,2015-01-01-00:0,,,,,,,,,,,,,,,,,,,RF#2
1007214,2015,GEORGIA-PACIFIC  LLC-CROSSETT,Used Oil,,,,,,,,,,,,,1.08,26.9,26578.1,2015-12-31-00:0,Tier 1 (Equation C-1),.215,64.2,2015-01-01-00:0,,,,,,,,,,,,,,,,,,,8R Boiler (SN26)
1002733,2015,Brunswick Cellulose  Inc.,Distillate Fuel Oil No. 2,,,,,,,,,,,,,,,,,,,,,.07,1.7,1670,2015-12-31-00:0,Once per fuel lot,Tier 2 (Equation C-2,.014,4,2015-01-01-00:0,,,,,,,,,,R407
1003470,2015,GRAPHIC PACKAGING INTERNATIONAL,Natural Gas (Weighted U.S. Average),,0.97,,,,,,,,,,,,,,,,,,,.7,17.4,13695.6,2015-12-31-00:0,Monthly,Tier 2 (Equation C-2,0,0,2015-01-01-00:0,,,,,,,,,,L002
1006892,2015,International Paper-Prattville Mill,Natural Gas (Weighted U.S. Average),,,,,,,,,,,,,,,,,,,,,.02,.4,930.5,2015-12-31-00:0,Monthly,Tier 2 (Equation C-2,.002,.5,2015-01-01-00:0,,,,,,,,,,Recovery Boiler No. 1/ Z001
1006892,2015,International Paper-Prattville Mill,Used Oil,,,,,,,,,,,,,,,,,,,,,.1,2.4,2391.9,2015-12-31-00:0,Monthly,Tier 2 (Equation C-2,.019,5.8,2015-01-01-00:0,,,,,,,,,,Recovery Boiler No. 2/ Z011
1005948,2015,GEORGIA-PACIFIC BREWTON LLC,Natural Gas (Weighted U.S. Average),,1,,,,,,,,,,,,,,,,,,,.93,23.3,18341.1,2015-12-31-00:0,Monthly,Tier 2 (Equation C-2,0,0,2015-01-01-00:0,,,,,,,,,,BR-CRP7-S015
1008708,2015,WestRock CP  LLC--Hopewell Mill (Formerly RockTenn),Natural Gas (Weighted U.S. Average),,,,,,,,,,,,,.07,1.7,3640.3,2015-12-31-00:0,Tier 1 (Equation C-1),.007,2,2015-01-01-00:0,,,,,,,,,,,,,,,,,,,RF1
1008708,2015,WestRock CP  LLC--Hopewell Mill (Formerly RockTenn),Natural Gas (Weighted U.S. Average),,0.949,,,,,,,,,,,1.21,30.4,23859,2015-12-31-00:0,Tier 1 (Equation C-1),0,0,2015-01-01-00:0,,,,,,,,,,,,,,,,,,,LK1
1006608,2015,FINCH PAPER LLC,Natural Gas (Weighted U.S. Average),,,,,,,,,,,,,.18,4.5,9471.8,2015-12-31-00:0,Tier 1 (Equation C-1),.018,5.3,2015-01-01-00:0,,,,,,,,,,,,,,,,,,,Boilers 6 7 8 10
1000624,2015,WestRock Tacoma Mill,Natural Gas (Weighted U.S. Average),,1,,,,,,,,,,,1.72,43.1,33848.9,2015-12-31-00:0,Tier 1 (Equation C-1b  natural gas billing in mmBtu),0,0,2015-01-01-00:0,,,,,,,,,,,,,,,,,,,Lime kiln #1
1006892,2015,International Paper-Prattville Mill,Petroleum Coke,,0.625,,,,,,,,,,,1.19,29.8,49868.7,2015-12-31-00:0,Tier 1 (Equation C-1),0,0,2015-01-01-00:0,,,,,,,,,,,,,,,,,,,Lime Kiln No. 2/ Z013
1002339,2015,THILMANY MILL,Natural Gas (Weighted U.S. Average),,,,,,,,,,,,,.03,.8,1730.6,2015-12-31-00:0,Tier 1 (Equation C-1a  natural gas billing in therms),.003,1,2015-01-01-00:0,,,,,,,,,,,,,,,,,,,8 Kraft Recovery Furnace/B08
1006454,2015,LONGVIEW FIBRE PAPER AND PACKAGING  INC,Natural Gas (Weighted U.S. Average),,,,,,,,,,,,,0,0,0,2015-12-31-00:0,Tier 1 (Equation C-1a  natural gas billing in therms),0,0,2015-01-01-00:0,,,,,,,,,,,,,,,,,,,No. 18 Recovery Furnace / 1246-10
1003884,2015,PACKAGING CORPORATION OF AMERICA-TOMAHAWK,Distillate Fuel Oil No. 2,,,,,,,,,,,,,0,0,15.5,2015-12-31-00:0,Tier 1 (Equation C-1),0,0,2015-01-01-00:0,,,,,,,,,,,,,,,,,,,B25
1007273,2015,Expera Specialty Solutions LLC - Mosinee Mill,Natural Gas (Weighted U.S. Average),,1,,,,,,,,,,,.54,13.5,10646.5,2015-12-31-00:0,Tier 1 (Equation C-1a  natural gas billing in therms),0,0,2015-01-01-00:0,,,,,,,,,,,,,,,,,,,Lime Kiln (P36)
1006776,2015,International Paper - Valliant Mill,Natural Gas (Weighted U.S. Average),,0.85,,,,,,,,,,,,,,,,,,,2.1,52.6,41343.3,2015-12-31-00:0,Monthly,Tier 2 (Equation C-2,0,0,2015-01-01-00:0,,,,,,,,,,Lime Kiln (EUG E7)
1005579,2015,WestRock CP  LLC - West Point Mill,Distillate Fuel Oil No. 2,,,,,,,,,,,,,0,.1,105.1,2015-12-31-00:0,Tier 1 (Equation C-1),.001,.3,2015-01-01-00:0,,,,,,,,,,,,,,,,,,,RF4
1000230,2015,Blue Ridge Paper Products Inc.,Propane,,0.0018,,,,,,,,,,,0,.1,48,2015-12-31-00:0,Tier 1 (Equation C-1),0,0,2015-01-01-00:0,,,,,,,,,,,,,,,,,,,Lime Kiln No.5
1006788,2015,International Paper-Riverdale Mill,Natural Gas (Weighted U.S. Average),,,,,,,,,,,,,,,,,,,,,.16,4.1,8633.3,2015-12-31-00:0,Monthly,Tier 2 (Equation C-2,.016,4.8,2015-01-01-00:0,,,,,,,,,,RB2
1007912,2015,International Paper - Georgetown Mill,Natural Gas (Weighted U.S. Average),,1,,,,,,,,,,,,,,,,,,,1.71,42.7,33561.9,2015-12-31-00:0,Monthly,Tier 2 (Equation C-2,0,0,2015-01-01-00:0,,,,,,,,,,No. 2 Lime Kiln
1006668,2015,International Paper - Texarkana Mill,Natural Gas (Weighted U.S. Average),,,,,,,,,,,,,,,,,,,,,.46,11.4,24223.2,2015-12-31-00:0,Monthly,Tier 2 (Equation C-2,.046,13.6,2015-01-01-00:0,,,,,,,,,,RB2
1002893,2015,BOISE PAPER,Natural Gas (Weighted U.S. Average),,1,,,,,,,,,,,,,,,,,,,1.22,30.6,24072.4,2015-12-31-00:0,Daily,Tier 2 (Equation C-2,0,0,2015-01-01-00:0,,,,,,,,,,Lime Kiln
1008025,2015,LEAF RIVER CELLULOSE LLC,Natural Gas (Weighted U.S. Average),,0.64,,,,,,,,,,,,,,,,,,,1.45,36.2,28443.4,2015-12-31-00:0,Monthly,Tier 2 (Equation C-2,0,0,2015-01-01-00:0,,,,,,,,,,AA-013
1004901,2015,WEYERHAEUSER PORT WENTWORTH,Distillate Fuel Oil No. 2,,,,,Annually by vendor,,,,,,,,,,,,,,,,.05,1.3,1254.1,2015-12-31-00:0,Other (specify),Tier 2 (Equation C-2,.01,3,2015-01-01-00:0,,,,,,,,,,RE01
1007627,2015,GEORGIA PACIFIC MONTICELLO LLC,Natural Gas (Weighted U.S. Average),,,,,,,,,,,,,,,,,,,,,.22,5.4,11507.6,2015-12-31-00:0,Monthly,Tier 2 (Equation C-2,.022,6.5,2015-01-01-00:0,,,,,,,,,,#1 Recovery Boiler
1003501,2015,EVERGREEN PACKAGING-PINE BLUFF,Natural Gas (Weighted U.S. Average),,,,,,,,,,,,,.1,2.4,5164,2015-12-31-00:0,Tier 1 (Equation C-1),.01,2.9,2015-01-01-00:0,,,,,,,,,,,,,,,,,,,Recovery Boiler No. 4
1006962,2015,GEORGIA-PACIFIC CONSUMER PRODUCTS LP,Natural Gas (Weighted U.S. Average),,1.00,,,,,,,,,,,,,,,,,,,1.68,41.9,32927.2,2015-12-31-00:0,Monthly,Tier 2 (Equation C-2,0,0,2015-01-01-00:0,,,,,,,,,,X026
1004055,2015,GEORGIA-PACIFIC TOLEDO LLC,Natural Gas (Weighted U.S. Average),,,,,,,,,,,,,,,,,,,,,.03,.7,1390.9,2015-12-31-00:0,Monthly,Tier 2 (Equation C-2,.003,.8,2015-01-01-00:0,,,,,,,,,,EU14 Recovery Boiler #1
1000256,2015,WestRock Virginia  Covington,Residual Fuel Oil No. 6,,0.032,,,,,,,,,,,.13,3.1,3135,2015-12-31-00:0,Tier 1 (Equation C-1),0,0,2015-01-01-00:0,,,,,,,,,,,,,,,,,,,No. 2 Lime Kiln REC047
1000345,2015,Foley Cellulose  LLC,Residual Fuel Oil No. 6,,,,,,Once per fuel lot,0,57,,,,,,,,,,,,,,,,,,,,,,.31,7.7,7986.4,2015-12-31-00:0,Tier 3 (Equation C-4,.062,18.4,,2015-01-01-00:0,No. 2 Recovery Boiler
1007867,2015,Packaging Corporation of America,Natural Gas (Weighted U.S. Average),,1.0,,,,,,,,,,,,,,,,,,,1.27,31.8,24984.6,2015-12-31-00:0,Daily,Tier 2 (Equation C-2,0,0,2015-01-01-00:0,,,,,,,,,,Lime Kiln #1
1004055,2015,GEORGIA-PACIFIC TOLEDO LLC,Natural Gas (Weighted U.S. Average),,1.0,,,,,,,,,,,,,,,,,,,.5,12.6,9903.6,2015-12-31-00:0,Monthly,Tier 2 (Equation C-2,0,0,2015-01-01-00:0,,,,,,,,,,EU2 Lime Kiln #2
1006095,2015,WISCONSIN RAPIDS FIBER AND ENERGY MILL,Natural Gas (Weighted U.S. Average),,,,,,,,,,,,,.05,1.2,2461.1,2015-12-31-00:0,Tier 1 (Equation C-1),.005,1.4,2015-01-01-00:0,,,,,,,,,,,,,,,,,,,Recovery Boiler #2 (P36)
1006209,2015,Weyerhaeuser NR Company - Flint River,Natural Gas (Weighted U.S. Average),,0.99,,,,,,,,,,,1.72,43.1,33857.4,2015-12-31-00:0,Tier 1 (Equation C-1),0,0,2015-01-01-00:0,,,,,,,,,,,,,,,,,,,Lime Kiln (U800)
1002823,2015,GEORGIA-PACIFIC CEDAR SPRINGS LLC,Natural Gas (Weighted U.S. Average),,,,,,,,,,,,,.41,10.2,21552.2,2015-12-31-00:0,Tier 1 (Equation C-1),.041,12.1,2015-01-01-00:0,,,,,,,,,,,,,,,,,,,No. 1 Recovery Furnace (R400)
1002823,2015,GEORGIA-PACIFIC CEDAR SPRINGS LLC,Natural Gas (Weighted U.S. Average),,0.96,,,,,,,,,,,1.29,32.3,25426,2015-12-31-00:0,Tier 1 (Equation C-1),0,0,2015-01-01-00:0,,,,,,,,,,,,,,,,,,,No. 2 Lime Kiln (L601)
1001995,2015,SAPPI CLOQUET LLC,Natural Gas (Weighted U.S. Average),,,,,,,,,,,,,,,,,,,,,.07,1.8,3898.2,2015-12-31-00:0,Monthly,Tier 2 (Equation C-2,.007,2.2,2015-01-01-00:0,,,,,,,,,,EU 005
1001995,2015,SAPPI CLOQUET LLC,Natural Gas (Weighted U.S. Average),,1.0,,,,,,,,,,,,,,,,,,,2.43,60.7,47731.2,2015-12-31-00:0,Monthly,Tier 2 (Equation C-2,0,0,2015-01-01-00:0,,,,,,,,,,EU 033
1002305,2015,WESTROCK TEXAS  L.P.,Natural Gas (Weighted U.S. Average),,,,,,,,,,,,,.06,1.4,2948.9,2015-12-31-00:0,Tier 1 (Equation C-1),.006,1.7,2015-01-01-00:0,,,,,,,,,,,,,,,,,,,No. 4 Recovery Boiler
1005669,2015,APPLETON ROARING SPRING PAPER MFG,Natural Gas (Weighted U.S. Average),,,,,,,,,,,,,0,.1,129,2015-12-31-00:0,Tier 1 (Equation C-1),0,.1,2015-01-01-00:0,,,,,,,,,,,,,,,,,,,038 - No. 3 Recovery Boiler
1005669,2015,APPLETON ROARING SPRING PAPER MFG,Residual Fuel Oil No. 6,,,,,,,,,,,,,.09,2.2,2245.7,2015-12-31-00:0,Tier 1 (Equation C-1),.018,5.3,2015-01-01-00:0,,,,,,,,,,,,,,,,,,,038 - No. 3 Recovery Boiler
1000961,2015,DOMTAR PAPER CO LLC HAWESVILLE MILL,Natural Gas (Weighted U.S. Average),,,,,,,,,,,,,,,,,,,,,.02,.6,1174.7,2015-12-31-00:0,Semiannually,Tier 2 (Equation C-2,.002,.7,2015-01-01-00:0,,,,,,,,,,No. 4 Recovery Furnace
1006360,2015,WEYERHAEUSER NR COMPANY,Natural Gas (Weighted U.S. Average),,1.00,,,,,,,,,,,1.53,38.3,30077.9,2015-12-31-00:0,Tier 1 (Equation C-1),0,0,2015-01-01-00:0,,,,,,,,,,,,,,,,,,,GHG-02_LK
1006958,2015,WestRock CP  LLC - Panama City Mill (Formerly RockTenn),Residual Fuel Oil No. 6,,,,,,,,,,,,,.12,3.1,3098.2,2015-12-31-00:0,Tier 1 (Equation C-1),.025,7.4,2015-01-01-00:0,,,,,,,,,,,,,,,,,,,RF#2
1005948,2015,GEORGIA-PACIFIC BREWTON LLC,Natural Gas (Weighted U.S. Average),,,,,,,,,,,,,,,,,,,,,.02,.5,1084.1,2015-12-31-00:0,Monthly,Tier 2 (Equation C-2,.002,.6,2015-01-01-00:0,,,,,,,,,,BR-REC3-M010
1003633,2015,Mondi Bags USA  LLC,Distillate Fuel Oil No. 2,,,,,,,,,,,,,.01,.2,175.5,2015-12-31-00:0,Tier 1 (Equation C-1),.001,.4,2015-01-01-00:0,,,,,,,,,,,,,,,,,,,Recovery Boiler
1004017,2015,CASCADE PACIFIC PULP HALSEY PULP MILL,Natural Gas (Weighted U.S. Average),,,,,,,,,,,,,.01,.4,760.2,2015-12-31-00:0,Tier 1 (Equation C-1),.001,.4,2015-01-01-00:0,,,,,,,,,,,,,,,,,,,Recovery Furnace
1005706,2015,Domtar Paper Company  LLC,Distillate Fuel Oil No. 2,,0,,,,,,,,,,,0,0,0,2015-12-31-00:0,Tier 1 (Equation C-1),0,0,2015-01-01-00:0,,,,,,,,,,,,,,,,,,,Lime Kiln
1006454,2015,LONGVIEW FIBRE PAPER AND PACKAGING  INC,Natural Gas (Weighted U.S. Average),,1.00,,,,,,,,,,,.04,1,2126.8,2015-12-31-00:0,Tier 1 (Equation C-1a  natural gas billing in therms),0,0,2015-01-01-00:0,,,,,,,,,,,,,,,,,,,No. 3 Lime Kiln / 1431-00
1006454,2015,LONGVIEW FIBRE PAPER AND PACKAGING  INC,Natural Gas (Weighted U.S. Average),,1.00,,,,,,,,,,,.54,13.6,28766.4,2015-12-31-00:0,Tier 1 (Equation C-1a  natural gas billing in therms),0,0,2015-01-01-00:0,,,,,,,,,,,,,,,,,,,No. 5 Lime Kiln / 1567-00
1001733,2015,International Paper - Red River Mill,Natural Gas (Weighted U.S. Average),,1,,,,,,,,,,,,,,,,,,,1.43,35.6,28016.2,2015-12-31-00:0,Monthly,Tier 2 (Equation C-2,0,0,2015-01-01-00:0,,,,,,,,,,LK (1224-06-06)
1007917,2015,ALABAMA RIVER CELLULOSE  LLC,Natural Gas (Weighted U.S. Average),,,,,,,,,,,,,.3,7.5,15849,2015-12-31-00:0,Tier 1 (Equation C-1),.03,8.9,2015-01-01-00:0,,,,,,,,,,,,,,,,,,,X001
1007917,2015,ALABAMA RIVER CELLULOSE  LLC,Distillate Fuel Oil No. 4,,,,,,,,,,,,,.15,3.8,3816.4,2015-12-31-00:0,Tier 1 (Equation C-1),.031,9.1,2015-01-01-00:0,,,,,,,,,,,,,,,,,,,X001
1005579,2015,WestRock CP  LLC - West Point Mill,Natural Gas (Weighted U.S. Average),,,,,,,,,,,,,.46,11.6,24667.6,2015-12-31-00:0,Tier 1 (Equation C-1),.046,13.9,2015-01-01-00:0,,,,,,,,,,,,,,,,,,,RF4
1000183,2015,P H Glatfelter Company - Chillicothe Fac,Natural Gas (Weighted U.S. Average),,0.98,,,,,,,,,,,1.3,32.4,25456.6,2015-12-31-00:0,Tier 1 (Equation C-1),0,0,2015-01-01-00:0,,,,,,,,,,,,,,,,,,,P001
1000230,2015,Blue Ridge Paper Products Inc.,Propane,,,,,,,,,,,,,0,0,35.5,2015-12-31-00:0,Tier 1 (Equation C-1),0,.1,2015-01-01-00:0,,,,,,,,,,,,,,,,,,,Recovery Furnace No.11
1006788,2015,International Paper-Riverdale Mill,Natural Gas (Weighted U.S. Average),,,,,,,,,,,,,,,,,,,,,.04,1.1,2250.3,2015-12-31-00:0,Monthly,Tier 2 (Equation C-2,.004,1.3,2015-01-01-00:0,,,,,,,,,,RB1
1000319,2015,WestRock CP  LLC - Florence Mill,Residual Fuel Oil No. 6,,0.009,,,,,,,,,,,.01,.3,311,2015-12-31-00:0,Tier 1 (Equation C-1),0,0,2015-01-01-00:0,,,,,,,,,,,,,,,,,,,LK1
1000319,2015,WestRock CP  LLC - Florence Mill,Residual Fuel Oil No. 6,,0.016,,,,,,,,,,,.02,.5,516.6,2015-12-31-00:0,Tier 1 (Equation C-1),0,0,2015-01-01-00:0,,,,,,,,,,,,,,,,,,,LK2
1005738,2015,International Paper - Mansfield Mill,Natural Gas (Weighted U.S. Average),,,,,,,,,,,,,,,,,,,,,.42,10.6,22449.1,2015-12-31-00:0,Monthly,Tier 2 (Equation C-2,.042,12.6,2015-01-01-00:0,,,,,,,,,,No. 2 Recovery Boiler
1002272,2015,WestRock CP  LLC - Fernandina Beach Mill (Formerly Smurfit-Stone),Residual Fuel Oil No. 6,,,,,,,,,,,,,.21,5.4,5375.8,2015-12-31-00:0,Tier 1 (Equation C-1),.043,12.8,2015-01-01-00:0,,,,,,,,,,,,,,,,,,,RB5
1001892,2015,VERSO PAPER QUINNESEC MILL,Residual Fuel Oil No. 6,,0,,,,,,,,,,,0,0,0,2015-12-31-00:0,Tier 1 (Equation C-1),0,0,2015-01-01-00:0,,,,,,,,,,,,,,,,,,,Lime Kiln
1006668,2015,International Paper - Texarkana Mill,Natural Gas (Weighted U.S. Average),,,,,,,,,,,,,,,,,,,,,.08,2,4298.5,2015-12-31-00:0,Monthly,Tier 2 (Equation C-2,.008,2.4,2015-01-01-00:0,,,,,,,,,,RB1
1001807,2015,RAYONIER PERFORMANCE FIBERS LLC  JESUP MILL,Residual Fuel Oil No. 6,,,,,,,,,,,,,.17,4.4,4371.1,2015-12-31-00:0,Tier 1 (Equation C-1),.035,10.4,2015-01-01-00:0,,,,,,,,,,,,,,,,,,,No. 5 Recovery Furnace
1000593,2015,VERSO ANDROSCOGGIN LLC,Natural Gas (Weighted U.S. Average),,0.892,,,,,,,,,,,,,23805.6,2015-12-31-00:0,Tier 1 (Equation C-1),,,2015-01-01-00:0,,,,,,,,,,,,,,,,,,,B Lime Kiln
1000602,2015,GRAPHIC PACKAGING INTERNATIONAL INC - WEST MONROE MILL #31,Natural Gas (Weighted U.S. Average),,,,,,,,,,,,,.08,2.1,4397,2015-12-31-00:0,Tier 1 (Equation C-1),.008,2.5,2015-01-01-00:0,,,,,,,,,,,,,,,,,,,No. 4 Recovery Boiler (L03004/L03005)
1006366,2015,Catalyst Paper Operations Inc. Rumford Division,Natural Gas (Weighted U.S. Average),,0.94,,,,,,,,,,,.6,15.1,32069,2015-12-31-00:0,Tier 1 (Equation C-1b  natural gas billing in mmBtu),.06,18,2015-01-01-00:0,,,,,,,,,,,,,,,,,,,Lime Kiln
1004199,2015,P.H. Glatfelter Company,Distillate Fuel Oil No. 2,,,,,,,,,,,,,0,0,4.9,2015-12-31-00:0,Tier 1 (Equation C-1),0,0,2015-01-01-00:0,,,,,,,,,,,,,,,,,,,Recovery Boiler #3
1004199,2015,P.H. Glatfelter Company,Residual Fuel Oil No. 6,,,,,,,,,,,,,.13,3.2,3163.3,2015-12-31-00:0,Tier 1 (Equation C-1),.025,7.5,2015-01-01-00:0,,,,,,,,,,,,,,,,,,,Recovery Boiler #3
1003501,2015,EVERGREEN PACKAGING-PINE BLUFF,Natural Gas (Weighted U.S. Average),,1,,,,,,,,,,,1.27,31.7,24906.8,2015-12-31-00:0,Tier 1 (Equation C-1),0,0,2015-01-01-00:0,,,,,,,,,,,,,,,,,,,Lime Kiln No. 2
1005012,2015,WESTROCK CP  LLC - HODGE MILL,Natural Gas (Weighted U.S. Average),,,,,,,,,,,,,.28,6.9,14746.1,2015-12-31-00:0,Tier 1 (Equation C-1),.028,8.3,2015-01-01-00:0,,,,,,,,,,,,,,,,,,,RB3
1000166,2015,KapStone Paper and Packaging Corp,Residual Fuel Oil No. 6,,,,,,,,,,,,,,,,,,,,,.03,.7,681.9,2015-12-31-00:0,Monthly,Tier 2 (Equation C-2,.005,1.6,2015-01-01-00:0,,,,,,,,,,08-PU-012
1000345,2015,Foley Cellulose  LLC,Natural Gas (Weighted U.S. Average),,,,,,,,,,,,,.21,5.3,11177.2,2015-12-31-00:0,Tier 1 (Equation C-1),.021,6.3,2015-01-01-00:0,,,,,,,,,,,,,,,,,,,No. 4 Recovery Boiler
1000273,2015,GP Big Island  LLC,Natural Gas (Weighted U.S. Average),,,,,,,,,,,,,,,,,,,,,.06,1.5,3192.8,2015-12-31-00:0,Monthly,Tier 2 (Equation C-2,.006,1.8,2015-01-01-00:0,,,,,,,,,,REC 13
1002149,2015,International Paper - Springfield Mill,Natural Gas (Weighted U.S. Average),,1.0,,,,,,,,,,,,,,,,,,,1.12,28.1,22079.3,2015-12-31-00:0,Monthly,Tier 2 (Equation C-2,0,0,2015-01-01-00:0,,,,,,,,,,Lime Kilns  Combined  EU 455
1007867,2015,Packaging Corporation of America,Natural Gas (Weighted U.S. Average),,,,,,,,,,,,,,,,,,,,,.12,2.9,6103.8,2015-12-31-00:0,Daily,Tier 2 (Equation C-2,.012,3.4,2015-01-01-00:0,,,,,,,,,,Recovery Boiler #3
1006262,2015,International Paper-Eastover Mill,Distillate Fuel Oil No. 2,,,,,,,,,,,,,,,,,,,,,.02,.5,487.6,2015-12-31-00:0,Monthly,Tier 2 (Equation C-2,.004,1.2,2015-01-01-00:0,,,,,,,,,,No.2 Recovery Furnace
1006095,2015,WISCONSIN RAPIDS FIBER AND ENERGY MILL,Natural Gas (Weighted U.S. Average),,,,,,,,,,,,,.04,.9,2007.5,2015-12-31-00:0,Tier 1 (Equation C-1),.004,1.1,2015-01-01-00:0,,,,,,,,,,,,,,,,,,,Recovery Boiler #3 (P37)
1006367,2015,PACKAGING CORPORATION OF AMERICA,Natural Gas (Weighted U.S. Average),,,,,At least semiannually,,,,,,,,,,,,,,,,.07,1.8,3840.5,2015-12-31-00:0,Other (specify),Tier 2 (Equation C-2,.007,2.2,2015-01-01-00:0,,,,,,,,,,EUCOPELAND
1002708,2015,CLEARWATER PAPER CORP-CYPRESS BEND MILL,Distillate Fuel Oil No. 2,,,,,,,,,,,,,.01,.2,169.1,2015-12-31-00:0,Tier 1 (Equation C-1),.001,.4,2015-01-01-00:0,,,,,,,,,,,,,,,,,,,#1 Recovery Boiler
1002305,2015,WESTROCK TEXAS  L.P.,Natural Gas (Weighted U.S. Average),,0.7314,,,,,,,,,,,2.36,59.1,46453.4,2015-12-31-00:0,Tier 1 (Equation C-1),0,0,2015-01-01-00:0,,,,,,,,,,,,,,,,,,,No. 7 Lime Kiln
1007994,2015,BOISE WHITE PAPER LLC,Natural Gas (Weighted U.S. Average),,,,,,,,,,,,,,,,,,,,,.05,1.3,2681.8,2015-12-31-00:0,Daily,Tier 2 (Equation C-2,.005,1.5,2015-01-01-00:0,,,,,,,,,,Recovery Furnace EU 320
1006958,2015,WestRock CP  LLC - Panama City Mill (Formerly RockTenn),Natural Gas (Weighted U.S. Average),,,,,,,,,,,,,.26,6.4,13609.9,2015-12-31-00:0,Tier 1 (Equation C-1),.026,7.6,2015-01-01-00:0,,,,,,,,,,,,,,,,,,,RF#1
1007214,2015,GEORGIA-PACIFIC  LLC-CROSSETT,Natural Gas (Weighted U.S. Average),,1,,,,,,,,,,,,,,,,,,,1.92,47.9,37670,2015-12-31-00:0,Monthly,Tier 2 (Equation C-2,0,0,2015-01-01-00:0,,,,,,,,,,Lime Kiln (SN25)
1003470,2015,GRAPHIC PACKAGING INTERNATIONAL,Natural Gas (Weighted U.S. Average),,,,,,,,,,,,,,,,,,,,,.1,2.6,5510.1,2015-12-31-00:0,Monthly,Tier 2 (Equation C-2,.01,3.1,2015-01-01-00:0,,,,,,,,,,D001
1003470,2015,GRAPHIC PACKAGING INTERNATIONAL,Residual Fuel Oil No. 6,,0.03,,,,,,,,,,,,,,,,,,,.02,.4,487.7,2015-12-31-00:0,Once per fuel lot,Tier 2 (Equation C-2,0,0,2015-01-01-00:0,,,,,,,,,,L001
1006892,2015,International Paper-Prattville Mill,Natural Gas (Weighted U.S. Average),,0.375,,,,,,,,,,,,,,,,,,,.71,17.9,14041.8,2015-12-31-00:0,Monthly,Tier 2 (Equation C-2,0,0,2015-01-01-00:0,,,,,,,,,,Lime Kiln No. 2/ Z013
1003280,2015,PACKAGING CORP. OF AMERICA,Natural Gas (Weighted U.S. Average),,,,,,,,,,,,,,,,,,,,,.08,2.1,4358,2015-12-31-00:0,Quarterly,Tier 2 (Equation C-2,.008,2.4,2015-01-01-00:0,,,,,,,,,,7040
1005948,2015,GEORGIA-PACIFIC BREWTON LLC,Residual Fuel Oil No. 6,,,,,,,,,,,,,,,,,,,,,.28,7.1,7116.4,2015-12-31-00:0,Monthly,Tier 2 (Equation C-2,.057,16.9,2015-01-01-00:0,,,,,,,,,,BR-REC2-M006
1000624,2015,WestRock Tacoma Mill,Used Oil,,,,,,,,,,,,,.33,8.2,8092.4,2015-12-31-00:0,Tier 1 (Equation C-1),.066,19.6,2015-01-01-00:0,,,,,,,,,,,,,,,,,,,Recovery Boiler #4
1002339,2015,THILMANY MILL,Natural Gas (Weighted U.S. Average),,0.999,,,,,,,,,,,.23,5.8,12187.7,2015-12-31-00:0,Tier 1 (Equation C-1),0,0,2015-01-01-00:0,,,,,,,,,,,,,,,,,,,Kraft Lime Kiln/P12
1002339,2015,THILMANY MILL,Natural Gas (Weighted U.S. Average),,,,,,,,,,,,,.04,1,2027.3,2015-12-31-00:0,Tier 1 (Equation C-1a  natural gas billing in therms),.004,1.1,2015-01-01-00:0,,,,,,,,,,,,,,,,,,,10 Kraft Recovery Furnace/B10
1003884,2015,PACKAGING CORPORATION OF AMERICA-TOMAHAWK,Natural Gas (Weighted U.S. Average),,,,,,,,,,,,,.06,1.6,3446,2015-12-31-00:0,Tier 1 (Equation C-1),.006,1.9,2015-01-01-00:0,,,,,,,,,,,,,,,,,,,B25
1001889,2015,WOODLAND PULP LLC,Natural Gas (Weighted U.S. Average),,,,,,,,,,,,,.29,7.3,15554.6,2015-12-31-00:0,Tier 1 (Equation C-1b  natural gas billing in mmBtu),.029,8.7,2015-01-01-00:0,,,,,,,,,,,,,,,,,,,Unit 02
1007917,2015,ALABAMA RIVER CELLULOSE  LLC,Distillate Fuel Oil No. 2,,0.0034,,,,,,,,,,,.01,.2,224.2,2015-12-31-00:0,Tier 1 (Equation C-1),0,0,2015-01-01-00:0,,,,,,,,,,,,,,,,,,,X003
1007917,2015,ALABAMA RIVER CELLULOSE  LLC,Petroleum Coke,,0.0402,,,,,,,,,,,.1,2.5,3843.4,2015-12-31-00:0,Tier 1 (Equation C-1),0,0,2015-01-01-00:0,,,,,,,,,,,,,,,,,,,X003
1000196,2015,International Paper - Pensacola Mill,Natural Gas (Weighted U.S. Average),,,,,,,,,,,,,,,,,,,,,.12,2.9,6114.5,2015-12-31-00:0,Monthly,Tier 2 (Equation C-2,.012,3.4,2015-01-01-00:0,,,,,,,,,,No. 2 Recovery Boiler
1008999,2015,Cosmopolis Pulp Mill,Residual Fuel Oil No. 6,,,,,,,,,,,,,.01,.2,210.9,2015-12-31-00:0,Tier 1 (Equation C-1),.002,.5,2015-01-01-00:0,,,,,,,,,,,,,,,,,,,Combined Recovery Stack AP10
1006731,2015,International Paper - Augusta Mill,Natural Gas (Weighted U.S. Average),,1,,,,,,,,,,,,,,,,,,,.76,19.1,15022,2015-12-31-00:0,Monthly,Tier 2 (Equation C-2,0,0,2015-01-01-00:0,,,,,,,,,,LK1
1006731,2015,International Paper - Augusta Mill,Distillate Fuel Oil No. 2,,0,,,,,,,,,,,,,,,,,,,0,0,.1,2015-12-31-00:0,Once per fuel lot,Tier 2 (Equation C-2,0,0,2015-01-01-00:0,,,,,,,,,,LK2
1006776,2015,International Paper - Valliant Mill,Natural Gas (Weighted U.S. Average),,,,,,,,,,,,,,,,,,,,,.31,7.7,16356.2,2015-12-31-00:0,Monthly,Tier 2 (Equation C-2,.031,9.2,2015-01-01-00:0,,,,,,,,,,Recovery Furnace (EUG D6)
1005579,2015,WestRock CP  LLC - West Point Mill,Natural Gas (Weighted U.S. Average),,,,,,,,,,,,,.06,1.5,3280.8,2015-12-31-00:0,Tier 1 (Equation C-1),.006,1.8,2015-01-01-00:0,,,,,,,,,,,,,,,,,,,RF5
1005579,2015,WestRock CP  LLC - West Point Mill,Distillate Fuel Oil No. 2,,,,,,,,,,,,,.01,.4,367.5,2015-12-31-00:0,Tier 1 (Equation C-1),.003,.9,2015-01-01-00:0,,,,,,,,,,,,,,,,,,,RF5
1000230,2015,Blue Ridge Paper Products Inc.,Residual Fuel Oil No. 6,,0.2777,,,,,,,,,,,.2,5,5603.3,2015-12-31-00:0,Tier 1 (Equation C-1),0,0,2015-01-01-00:0,,,,,,,,,,,,,,,,,,,Lime Kiln No.4
1000256,2015,WestRock Virginia  Covington,Natural Gas (Weighted U.S. Average),,0.968,,,,,,,,,,,,,,,,,,,3.45,86.3,67833.1,2015-12-31-00:0,Monthly,Tier 2 (Equation C-2,0,0,2015-01-01-00:0,,,,,,,,,,No. 2 Lime Kiln REC047
1006788,2015,International Paper-Riverdale Mill,Natural Gas (Weighted U.S. Average),,1,,,,,,,,,,,,,,,,,,,.65,16.3,34690,2015-12-31-00:0,Monthly,Tier 2 (Equation C-2,.065,19.5,2015-01-01-00:0,,,,,,,,,,LK3
1000426,2015,KapStone Charleston Kraft LLC,Residual Fuel Oil No. 6,,,,,,,,,,,,,.21,5.3,5294.3,2015-12-31-00:0,Tier 1 (Equation C-1),.042,12.6,2015-01-01-00:0,,,,,,,,,,,,,,,,,,,No. 9 Recovery Boiler/REC007
1000324,2015,Marlboro Paper Mill,Natural Gas (Weighted U.S. Average),,0.88,,,,,,,,,,,,,,,,,,,,,29008.1,2015-12-31-00:0,Hourly,Tier 2 (Equation C-2,,,2015-01-01-00:0,,,,,,,,,,Lime Kiln
1007912,2015,International Paper - Georgetown Mill,Residual Fuel Oil No. 6,,,,,,,,,,,,,,,,,,,,,.15,3.6,3644.2,2015-12-31-00:0,Monthly,Tier 2 (Equation C-2,.029,8.7,2015-01-01-00:0,,,,,,,,,,No. 1 Recovery Boiler
1006668,2015,International Paper - Texarkana Mill,Natural Gas (Weighted U.S. Average),,1,,,,,,,,,,,,,,,,,,,.57,14.2,30212.4,2015-12-31-00:0,Monthly,Tier 2 (Equation C-2,.057,17,2015-01-01-00:0,,,,,,,,,,LK2
1001807,2015,RAYONIER PERFORMANCE FIBERS LLC  JESUP MILL,Residual Fuel Oil No. 6,,,,,,,,,,,,,.84,20.9,20912.4,2015-12-31-00:0,Tier 1 (Equation C-1),.167,49.8,2015-01-01-00:0,,,,,,,,,,,,,,,,,,,No. 6 Recovery Furnace
1001807,2015,RAYONIER PERFORMANCE FIBERS LLC  JESUP MILL,Natural Gas (Weighted U.S. Average),,0.9337,,,,,,,,,,,,,,,,,,,3.52,88.1,69253.1,2015-12-31-00:0,Daily,Tier 2 (Equation C-2,0,0,2015-01-01-00:0,,,,,,,,,,D Lime Kiln
1002893,2015,BOISE PAPER,Natural Gas (Weighted U.S. Average),,,,,,,,,,,,,,,,,,,,,.11,2.8,5976.5,2015-12-31-00:0,Daily,Tier 2 (Equation C-2,.011,3.4,2015-01-01-00:0,,,,,,,,,,No. 2 Recovery Furnace
1006366,2015,Catalyst Paper Operations Inc. Rumford Division,Residual Fuel Oil No. 6,,,,,,Monthly,0,12,,,,,,,,,,,,,,,,,,,,,,.52,12.9,13769.8,2015-12-31-00:0,Tier 3 (Equation C-4,.103,30.7,,2015-01-01-00:0,Chemical Recovery Furnace
1006366,2015,Catalyst Paper Operations Inc. Rumford Division,Residual Fuel Oil No. 6,,0.06,,,,Monthly,0,12,,,,,,,,,,,,,,,,,,,,,,.11,2.8,3011.1,2015-12-31-00:0,Tier 3 (Equation C-4,.023,6.7,,2015-01-01-00:0,Lime Kiln
1003501,2015,EVERGREEN PACKAGING-PINE BLUFF,Natural Gas (Weighted U.S. Average),,1,,,,,,,,,,,1.17,29.4,23090.8,2015-12-31-00:0,Tier 1 (Equation C-1),0,0,2015-01-01-00:0,,,,,,,,,,,,,,,,,,,Lime Kiln No. 1
1005012,2015,WESTROCK CP  LLC - HODGE MILL,Natural Gas (Weighted U.S. Average),,1,,,,,,,,,,,1.49,37.3,29324,2015-12-31-00:0,Tier 1 (Equation C-1),0,0,2015-01-01-00:0,,,,,,,,,,,,,,,,,,,LK2
1005012,2015,WESTROCK CP  LLC - HODGE MILL,Natural Gas (Weighted U.S. Average),,,,,,,,,,,,,.38,9.5,20194.4,2015-12-31-00:0,Tier 1 (Equation C-1),.038,11.3,2015-01-01-00:0,,,,,,,,,,,,,,,,,,,RB2
1006962,2015,GEORGIA-PACIFIC CONSUMER PRODUCTS LP,Distillate Fuel Oil No. 2,,,,,,,,,,,,,.08,2,1949.7,2015-12-31-00:0,Tier 1 (Equation C-1),.016,4.7,2015-01-01-00:0,,,,,,,,,,,,,,,,,,,X024
1000166,2015,KapStone Paper and Packaging Corp,Residual Fuel Oil No. 6,,0.01,,,,,,,,,,,,,,,,,,,.02,.4,459.9,2015-12-31-00:0,Monthly,Tier 2 (Equation C-2,0,0,2015-01-01-00:0,,,,,,,,,,09-PU-004
1000262,2015,WestRock Coated Board  LLC,Natural Gas (Weighted U.S. Average),,,,,,,,,,,,,,,,,,,,,.03,.8,1666.8,2015-12-31-00:0,Monthly,Tier 2 (Equation C-2,.003,.9,2015-01-01-00:0,,,,,,,,,,No. 2 Recovery Furnace
1007867,2015,Packaging Corporation of America,Distillate Fuel Oil No. 2,,,,,,,,,,,,,.03,.6,639.1,2015-12-31-00:0,Tier 1 (Equation C-1),.005,1.5,2015-01-01-00:0,,,,,,,,,,,,,,,,,,,Recovery Boiler #1
1000348,2015,Resolute FP US Inc. - Catawba Operations,Residual Fuel Oil No. 6,,,,,,,,,,,,,.26,6.5,6527.4,2015-12-31-00:0,Tier 1 (Equation C-1),.052,15.5,2015-01-01-00:0,,,,,,,,,,,,,,,,,,,07-2505
1000348,2015,Resolute FP US Inc. - Catawba Operations,Natural Gas (Weighted U.S. Average),,,,,,,,,,,,,.16,3.9,8318.5,2015-12-31-00:0,Tier 1 (Equation C-1),.016,4.7,2015-01-01-00:0,,,,,,,,,,,,,,,,,,,07-5105
1006262,2015,International Paper-Eastover Mill,Used Oil,,,,,,,,,,,,,,,,,,,,,.07,1.8,1788.5,2015-12-31-00:0,Once per fuel lot,Tier 2 (Equation C-2,.015,4.3,2015-01-01-00:0,,,,,,,,,,No.1 Recovery Furnace
1004055,2015,GEORGIA-PACIFIC TOLEDO LLC,Natural Gas (Weighted U.S. Average),,,,,,,,,,,,,,,,,,,,,.02,.5,1067.2,2015-12-31-00:0,Monthly,Tier 2 (Equation C-2,.002,.6,2015-01-01-00:0,,,,,,,,,,EU16 Recovery Boiler #2
1005994,2015,DOMTAR AW LLC ASHDOWN MILL,Natural Gas (Weighted U.S. Average),,1.0,,,,,,,,,,,,,,,,,,,.85,21.2,44915.7,2015-12-31-00:0,Monthly,Tier 2 (Equation C-2,.085,25.2,2015-01-01-00:0,,,,,,,,,,No. 2 Lime Kiln
1002823,2015,GEORGIA-PACIFIC CEDAR SPRINGS LLC,Residual Fuel Oil No. 6,,0.09,,,,,,,,,,,.13,3.3,3638.6,2015-12-31-00:0,Tier 1 (Equation C-1),0,0,2015-01-01-00:0,,,,,,,,,,,,,,,,,,,No. 1 Lime Kiln (L600)
1000228,2015,Weyerhaeuser - New Bern,Residual Fuel Oil No. 6,,,,,,,,,,,,,0,0,0,2015-12-31-00:0,Tier 1 (Equation C-1),0,0,2015-01-01-00:0,,,,,,,,,,,,,,,,,,,Recovery Furnace
1000228,2015,Weyerhaeuser - New Bern,Residual Fuel Oil No. 6,,0.02,,,,,,,,,,,.04,.9,931,2015-12-31-00:0,Tier 1 (Equation C-1),0,0,2015-01-01-00:0,,,,,,,,,,,,,,,,,,,Lime Kiln
1006885,2015,International Paper Ticonderoga Mill,Natural Gas (Weighted U.S. Average),,0.53,,,,,,,,,,,,,,,,,,,.44,11.1,8688.2,2015-12-31-00:0,Monthly,Tier 2 (Equation C-2,0,0,2015-01-01-00:0,,,,,,,,,,LK1
1002113,2015,International Paper - Pine Hill Mill,Natural Gas (Weighted U.S. Average),,,,,,,,,,,,,.41,10.2,21694.1,2015-12-31-00:0,Tier 1 (Equation C-1),.041,12.2,2015-01-01-00:0,,,,,,,,,,,,,,,,,,,RB1
1003320,2015,ESCANABA PAPER COMPANY,Natural Gas (Weighted U.S. Average),,1,,,,,,,,,,,,,,,,,,,1.65,41.3,32479.3,2015-12-31-00:0,Monthly,Tier 2 (Equation C-2,0,0,2015-01-01-00:0,,,,,,,,,,EULK29
1006760,2015,International Paper ROME LINERBOARD MILL,Distillate Fuel Oil No. 2,,,,,,,,,,,,,,,,,,,,,0,0,9.8,2015-12-31-00:0,Once per fuel lot,Tier 2 (Equation C-2,0,0,2015-01-01-00:0,,,,,,,,,,RF5
1005669,2015,APPLETON ROARING SPRING PAPER MFG,Residual Fuel Oil No. 6,,0.01,,,,,,,,,,,0,0,0,2015-12-31-00:0,Tier 1 (Equation C-1),0,0,2015-01-01-00:0,,,,,,,,,,,,,,,,,,,103A - Lime Kiln
1002733,2015,Brunswick Cellulose  Inc.,Residual Fuel Oil No. 6,,0.053,,,,Once per fuel lot,0,11,,,,,,,,,,,,,,,,,,,,,,.19,4.7,5641.8,2015-12-31-00:0,Tier 3 (Equation C-4,0,0,,2015-01-01-00:0,L537
1003470,2015,GRAPHIC PACKAGING INTERNATIONAL,Natural Gas (Weighted U.S. Average),,0.97,,,,,,,,,,,,,,,,,,,.68,17,13397.9,2015-12-31-00:0,Monthly,Tier 2 (Equation C-2,0,0,2015-01-01-00:0,,,,,,,,,,L001
1005948,2015,GEORGIA-PACIFIC BREWTON LLC,Residual Fuel Oil No. 6,,,,,,,,,,,,,,,,,,,,,.47,11.8,11804.6,2015-12-31-00:0,Monthly,Tier 2 (Equation C-2,.094,28.1,2015-01-01-00:0,,,,,,,,,,BR-REC3-M010
1007135,2015,GEORGIA PACIFIC CONSUMER OPERATIONS LLC,Natural Gas (Weighted U.S. Average),,,,,,,,,,,,,,,,,,,,,.56,14.1,29826.6,2015-12-31-00:0,Daily,Tier 2 (Equation C-2,.056,16.8,2015-01-01-00:0,,,,,,,,,,EU 018 No. 4 Recovery Boiler
1003633,2015,Mondi Bags USA  LLC,Natural Gas (Weighted U.S. Average),,,,,,,,,,,,,.07,1.8,3784,2015-12-31-00:0,Tier 1 (Equation C-1),.007,2.1,2015-01-01-00:0,,,,,,,,,,,,,,,,,,,Recovery Boiler
1005732,2015,PORT TOWNSEND PAPER CORP,Other Oil (>401 deg F),,,,,,,,,,,,,.74,18.6,18878.2,2015-12-31-00:0,Tier 1 (Equation C-1),.149,44.3,2015-01-01-00:0,,,,,,,,,,,,,,,,,,,Recovery Furnace
1005706,2015,Domtar Paper Company  LLC,Distillate Fuel Oil No. 2,,,,,,,,,,,,,0,0,0,2015-12-31-00:0,Tier 1 (Equation C-1),0,0,2015-01-01-00:0,,,,,,,,,,,,,,,,,,,Chemical Recovery Furnace
1006454,2015,LONGVIEW FIBRE PAPER AND PACKAGING  INC,Natural Gas (Weighted U.S. Average),,,,,,,,,,,,,.16,3.9,8377,2015-12-31-00:0,Tier 1 (Equation C-1a  natural gas billing in therms),.016,4.7,2015-01-01-00:0,,,,,,,,,,,,,,,,,,,No. 22 Recovery Furnace / 8201-10
1007917,2015,ALABAMA RIVER CELLULOSE  LLC,Natural Gas (Weighted U.S. Average),,1,,,,,,,,,,,2.57,64.2,50471.8,2015-12-31-00:0,Tier 1 (Equation C-1),0,0,2015-01-01-00:0,,,,,,,,,,,,,,,,,,,X014
1000434,2015,International Paper - Vicksburg Mill,Natural Gas (Weighted U.S. Average),,1,,,,,,,,,,,,,,,,,,,1.03,25.8,20260.1,2015-12-31-00:0,Monthly,Tier 2 (Equation C-2,0,0,2015-01-01-00:0,,,,,,,,,,LK1 (AA003)
1005579,2015,WestRock CP  LLC - West Point Mill,Residual Fuel Oil No. 6,,0.009,,,,,,,,,,,.01,.3,345.6,2015-12-31-00:0,Tier 1 (Equation C-1),0,0,2015-01-01-00:0,,,,,,,,,,,,,,,,,,,LK2
1005579,2015,WestRock CP  LLC - West Point Mill,Residual Fuel Oil No. 6,,,,,,,,,,,,,.04,1,993.1,2015-12-31-00:0,Tier 1 (Equation C-1),.008,2.4,2015-01-01-00:0,,,,,,,,,,,,,,,,,,,RF4
1008042,2015,WAUNA MILL,Natural Gas (Weighted U.S. Average),,1.00,,,,,,,,,,,,,,,,,,,.45,11.3,23940,2015-12-31-00:0,Monthly,Tier 2 (Equation C-2,.045,13.4,2015-01-01-00:0,,,,,,,,,,LK / EU-21
1000229,2015,Domtar Paper Company LLC - Plymouth,Distillate Fuel Oil No. 2,,0.01,,,,,,,,,,,,,,,,,,,.03,.7,755.4,2015-12-31-00:0,Monthly,Tier 2 (Equation C-2,0,0,2015-01-01-00:0,,,,,,,,,,Lime Kiln
1000230,2015,Blue Ridge Paper Products Inc.,Residual Fuel Oil No. 6,,,,,,,,,,,,,.15,3.8,3803,2015-12-31-00:0,Tier 1 (Equation C-1),.03,9.1,2015-01-01-00:0,,,,,,,,,,,,,,,,,,,Recovery Furnace No.10
1000230,2015,Blue Ridge Paper Products Inc.,Propane,,,,,,,,,,,,,0,0,2.7,2015-12-31-00:0,Tier 1 (Equation C-1),0,0,2015-01-01-00:0,,,,,,,,,,,,,,,,,,,Recovery Furnace No.10
1000230,2015,Blue Ridge Paper Products Inc.,Natural Gas (Weighted U.S. Average),,0.7763,,,,,,,,,,,.89,22.3,17550.2,2015-12-31-00:0,Tier 1 (Equation C-1),0,0,2015-01-01-00:0,,,,,,,,,,,,,,,,,,,Lime Kiln No.5
1000324,2015,Marlboro Paper Mill,Petroleum Coke,,0.12,,,,,,,,,,,,,,,,,,,0,0,7644.6,2015-12-31-00:0,Once per fuel lot,Tier 2 (Equation C-2,0,0,2015-01-01-00:0,,,,,,,,,,Lime Kiln
1002272,2015,WestRock CP  LLC - Fernandina Beach Mill (Formerly Smurfit-Stone),Residual Fuel Oil No. 6,,,,,,,,,,,,,.14,3.6,3624.2,2015-12-31-00:0,Tier 1 (Equation C-1),.029,8.6,2015-01-01-00:0,,,,,,,,,,,,,,,,,,,RB4
1006803,2015,INTERNATIONAL PAPER SAVANNA MILL,Natural Gas (Weighted U.S. Average),,,,,,,,,,,,,,,,,,,,,.5,12.5,26624.4,2015-12-31-00:0,Monthly,Tier 2 (Equation C-2,.05,15,2015-01-01-00:0,,,,,,,,,,RF15
1001892,2015,VERSO PAPER QUINNESEC MILL,Natural Gas (Weighted U.S. Average),,,,,,,,,,,,,.06,1.5,3107.4,2015-12-31-00:0,Tier 1 (Equation C-1),.006,1.7,2015-01-01-00:0,,,,,,,,,,,,,,,,,,,Recovery Boiler
1006668,2015,International Paper - Texarkana Mill,Natural Gas (Weighted U.S. Average),,1,,,,,,,,,,,,,,,,,,,.37,9.3,19813.6,2015-12-31-00:0,Monthly,Tier 2 (Equation C-2,.037,11.1,2015-01-01-00:0,,,,,,,,,,LK1
1000593,2015,VERSO ANDROSCOGGIN LLC,Natural Gas (Weighted U.S. Average),,,,,,,,,,,,,.29,7.2,15221.1,2015-12-31-00:0,Tier 1 (Equation C-1),.029,8.5,2015-01-01-00:0,,,,,,,,,,,,,,,,,,,Recovery Boiler 1
1000602,2015,GRAPHIC PACKAGING INTERNATIONAL INC - WEST MONROE MILL #31,Natural Gas (Weighted U.S. Average),,1.0,,,,,,,,,,,1.17,29.3,23042,2015-12-31-00:0,Tier 1 (Equation C-1),0,0,2015-01-01-00:0,,,,,,,,,,,,,,,,,,,No. 1 Lime Kiln (L04002)
1006975,2015,GEORGIA-PACIFIC PORT HUDSON OPERATIONS,Petroleum Coke,,0.509511,,,,,,,,,,,,,,,,,,,.71,17.8,27063.6,2015-12-31-00:0,Monthly,Tier 2 (Equation C-2,0,0,2015-01-01-00:0,,,,,,,,,,LK01
1006975,2015,GEORGIA-PACIFIC PORT HUDSON OPERATIONS,Natural Gas (Weighted U.S. Average),,,,,,,,,,,,,,,,,,,,,.45,11.2,23822.8,2015-12-31-00:0,Monthly,Tier 2 (Equation C-2,.045,13.4,2015-01-01-00:0,,,,,,,,,,RF02
1007964,2015,West Rock Mill Company  LLC,Natural Gas (Weighted U.S. Average),,,,,,,,,,,,,.14,3.4,7191,2015-12-31-00:0,Tier 1 (Equation C-1),.014,4,2015-01-01-00:0,,,,,,,,,,,,,,,,,,,RF3
1004396,2015,DOMTAR A. W. LLC-NEKOOSA,Natural Gas (Weighted U.S. Average),,,,,,,,,,,,,.11,2.7,5657.1,2015-12-31-00:0,Tier 1 (Equation C-1),.011,3.2,2015-01-01-00:0,,,,,,,,,,,,,,,,,,,B14
1004705,2015,CLEARWATER PAPER CORP,Used Oil,,1,,,,,,,,,,,0,.1,107.3,2015-12-31-00:0,Tier 1 (Equation C-1),.001,.3,2015-01-01-00:0,,,,,,,,,,,,,,,,,,,Number 4 Lime Kiln
1003501,2015,EVERGREEN PACKAGING-PINE BLUFF,Residual Fuel Oil No. 6,,1,,,,,,,,,,,0,0,0,2015-12-31-00:0,Tier 1 (Equation C-1),0,0,2015-01-01-00:0,,,,,,,,,,,,,,,,,,,Lime Kiln No. 1
1006962,2015,GEORGIA-PACIFIC CONSUMER PRODUCTS LP,Natural Gas (Weighted U.S. Average),,,,,,,,,,,,,,,,,,,,,2.13,53.3,113038.8,2015-12-31-00:0,Monthly,Tier 2 (Equation C-2,.213,63.5,2015-01-01-00:0,,,,,,,,,,X024
1000256,2015,WestRock Virginia  Covington,Natural Gas (Weighted U.S. Average),,,,,,,,,,,,,,,,,,,,,.19,4.7,10046.5,2015-12-31-00:0,Monthly,Tier 2 (Equation C-2,.019,5.6,2015-01-01-00:0,,,,,,,,,,No. 1 Recovery Furnace REC001
1000256,2015,WestRock Virginia  Covington,Residual Fuel Oil No. 6,,,,,,,,,,,,,.18,4.6,4620.6,2015-12-31-00:0,Tier 1 (Equation C-1),.037,11,2015-01-01-00:0,,,,,,,,,,,,,,,,,,,No. 1 Recovery Furnace REC001
1000258,2015,International Paper-Franklin Mill,Natural Gas (Weighted U.S. Average),,,,,,,,,,,,,.9,22.5,47797.1,2015-12-31-00:0,Tier 1 (Equation C-1),.09,26.8,2015-01-01-00:0,,,,,,,,,,,,,,,,,,,Recovery Boiler 6
1000345,2015,Foley Cellulose  LLC,Residual Fuel Oil No. 6,,,,,,Once per fuel lot,0,57,,,,,,,,,,,,,,,,,,,,,,.05,1.2,1235.4,2015-12-31-00:0,Tier 3 (Equation C-4,.01,3,,2015-01-01-00:0,No. 4 Recovery Boiler
1000262,2015,WestRock Coated Board  LLC,Natural Gas (Weighted U.S. Average),,1,,,,,,,,,,,,,,,,,,,1.83,45.9,36058,2015-12-31-00:0,Monthly,Tier 2 (Equation C-2,0,0,2015-01-01-00:0,,,,,,,,,,No. 2 Lime Kiln
1007867,2015,Packaging Corporation of America,Natural Gas (Weighted U.S. Average),,,,,,,,,,,,,,,,,,,,,.22,5.5,11775.2,2015-12-31-00:0,Daily,Tier 2 (Equation C-2,.022,6.6,2015-01-01-00:0,,,,,,,,,,Recovery Boiler #2
1004055,2015,GEORGIA-PACIFIC TOLEDO LLC,Natural Gas (Weighted U.S. Average),,1.0,,,,,,,,,,,,,,,,,,,.55,13.8,10875.6,2015-12-31-00:0,Monthly,Tier 2 (Equation C-2,0,0,2015-01-01-00:0,,,,,,,,,,EU3 Lime Kiln #3
1006209,2015,Weyerhaeuser NR Company - Flint River,Distillate Fuel Oil No. 2,,0.01,,,,,,,,,,,.02,.6,633.2,2015-12-31-00:0,Tier 1 (Equation C-1),0,0,2015-01-01-00:0,,,,,,,,,,,,,,,,,,,Lime Kiln (U800)
1006209,2015,Weyerhaeuser NR Company - Flint River,Distillate Fuel Oil No. 2,,,,,,,,,,,,,.26,6.6,6467.7,2015-12-31-00:0,Tier 1 (Equation C-1),.052,15.6,2015-01-01-00:0,,,,,,,,,,,,,,,,,,,Recovery Furnace (U500)
1000353,2015,Sonoco Products Co.,Natural Gas (Weighted U.S. Average),,,,,,,,,,,,,.03,.8,1658.3,2015-12-31-00:0,Tier 1 (Equation C-1b  natural gas billing in mmBtu),.003,.9,2015-01-01-00:0,,,,,,,,,,,,,,,,,,,Chemical Recovery Kiln
1002823,2015,GEORGIA-PACIFIC CEDAR SPRINGS LLC,Natural Gas (Weighted U.S. Average),,0.91,,,,,,,,,,,1.38,34.5,27116.8,2015-12-31-00:0,Tier 1 (Equation C-1),0,0,2015-01-01-00:0,,,,,,,,,,,,,,,,,,,No. 1 Lime Kiln (L600)
1000311,2015,Resolute Forest Products Calhoun Operation,Natural Gas (Weighted U.S. Average),,0.99973,,,,,,,,,,,1.92,47.9,37668.5,2015-12-31-00:0,Tier 1 (Equation C-1),0,0,2015-01-01-00:0,,,,,,,,,,,,,,,,,,,Lime Kiln
1001237,2015,Luke Paper Company,Distillate Fuel Oil No. 4,,,,,,,,,,,,,.26,6.5,6469.9,2015-12-31-00:0,Tier 1 (Equation C-1),.052,15.4,2015-01-01-00:0,,,,,,,,,,,,,,,,,,,Recovery Boiler #3
1006885,2015,International Paper Ticonderoga Mill,Residual Fuel Oil No. 6,,0.46,,,,Once per fuel lot,0,5,,,,,,,,,,,,,,,,,,,,,,.43,10.7,11212.4,2015-12-31-00:0,Tier 3 (Equation C-4,0,0,,2015-01-01-00:0,LK1
1006885,2015,International Paper Ticonderoga Mill,Propane,,0.01,,,,,,,,,,,.01,.2,202.2,2015-12-31-00:0,Tier 1 (Equation C-1),0,0,2015-01-01-00:0,,,,,,,,,,,,,,,,,,,LK1
1002113,2015,International Paper - Pine Hill Mill,Residual Fuel Oil No. 6,,,,,,,,,,,,,,,,,,,,,.19,4.7,4755.6,2015-12-31-00:0,Once per fuel lot,Tier 2 (Equation C-2,.038,11.3,2015-01-01-00:0,,,,,,,,,,RB1
1002113,2015,International Paper - Pine Hill Mill,Petroleum Coke,,0.297,,,,,,,,,,,.58,14.5,21969.7,2015-12-31-00:0,Tier 1 (Equation C-1),0,0,2015-01-01-00:0,,,,,,,,,,,,,,,,,,,LK1
1003320,2015,ESCANABA PAPER COMPANY,Natural Gas (Weighted U.S. Average),,,,,,,,,,,,,,,,,,,,,.11,2.6,5611.6,2015-12-31-00:0,Monthly,Tier 2 (Equation C-2,.011,3.2,2015-01-01-00:0,,,,,,,,,,EURF15
1006760,2015,International Paper ROME LINERBOARD MILL,Natural Gas (Weighted U.S. Average),,0.92,,,,,,,,,,,,,,,,,,,1.2,30,23548.2,2015-12-31-00:0,Monthly,Tier 2 (Equation C-2,0,0,2015-01-01-00:0,,,,,,,,,,LK1
1006760,2015,International Paper ROME LINERBOARD MILL,Residual Fuel Oil No. 5,,0.08,,,,Monthly,0,12,,,,,,,,,,,,,,,,,,,,,,.1,2.6,2813,2015-12-31-00:0,Tier 3 (Equation C-4,0,0,,2015-01-01-00:0,LK1
1006760,2015,International Paper ROME LINERBOARD MILL,Natural Gas (Weighted U.S. Average),,0.998,,,,,,,,,,,,,,,,,,,1.11,27.7,21747.3,2015-12-31-00:0,Monthly,Tier 2 (Equation C-2,0,0,2015-01-01-00:0,,,,,,,,,,LK2
1006760,2015,International Paper ROME LINERBOARD MILL,Residual Fuel Oil No. 5,,0.002,,,,Monthly,0,12,,,,,,,,,,,,,,,,,,,,,,0,.1,63.5,2015-12-31-00:0,Tier 3 (Equation C-4,0,0,,2015-01-01-00:0,LK2
1005669,2015,APPLETON ROARING SPRING PAPER MFG,Distillate Fuel Oil No. 2,,,,,,,,,,,,,0,0,0,2015-12-31-00:0,Tier 1 (Equation C-1),0,0,2015-01-01-00:0,,,,,,,,,,,,,,,,,,,038 - No. 3 Recovery Boiler
1000305,2015,Resolute Forest Product - Coosa Pines Operation,Natural Gas (Weighted U.S. Average),,1.0,,,,,,,,,,,,,,,,,,,1.3,32.4,25490.1,2015-12-31-00:0,Monthly,Tier 2 (Equation C-2,0,0,2015-01-01-00:0,,,,,,,,,,Z032
1007994,2015,BOISE WHITE PAPER LLC,Natural Gas (Weighted U.S. Average),,0.047,,,,,,,,,,,,,,,,,,,1.38,34.5,27144.4,2015-12-31-00:0,Daily,Tier 2 (Equation C-2,0,0,2015-01-01-00:0,,,,,,,,,,Lime Kiln EU 340
1006958,2015,WestRock CP  LLC - Panama City Mill (Formerly RockTenn),Natural Gas (Weighted U.S. Average),,1,,,,,,,,,,,2.33,58.3,45838.1,2015-12-31-00:0,Tier 1 (Equation C-1),0,0,2015-01-01-00:0,,,,,,,,,,,,,,,,,,,LK#1
1007214,2015,GEORGIA-PACIFIC  LLC-CROSSETT,Natural Gas (Weighted U.S. Average),,,,,,,,,,,,,,,,,,,,,0,.1,210.4,2015-12-31-00:0,Monthly,Tier 2 (Equation C-2,0,.1,2015-01-01-00:0,,,,,,,,,,8R Boiler (SN26)
1002733,2015,Brunswick Cellulose  Inc.,Natural Gas (Weighted U.S. Average),,,,,,,,,,,,,,,,,,,,,.02,.5,1142.5,2015-12-31-00:0,Monthly,Tier 2 (Equation C-2,.002,.6,2015-01-01-00:0,,,,,,,,,,R401
1006892,2015,International Paper-Prattville Mill,Natural Gas (Weighted U.S. Average),,1.00,,,,,,,,,,,,,,,,,,,1.02,25.5,20015.8,2015-12-31-00:0,Monthly,Tier 2 (Equation C-2,0,0,2015-01-01-00:0,,,,,,,,,,Lime Kiln No. 1/ Z003
1006892,2015,International Paper-Prattville Mill,Used Oil,,,,,,,,,,,,,,,,,,,,,.19,4.8,4779.1,2015-12-31-00:0,Monthly,Tier 2 (Equation C-2,.039,11.5,2015-01-01-00:0,,,,,,,,,,Recovery Boiler No. 1/ Z001
1003280,2015,PACKAGING CORP. OF AMERICA,Natural Gas (Weighted U.S. Average),,1,,,,,,,,,,,1.6,39.9,31376.8,2015-12-31-00:0,Tier 1 (Equation C-1),0,0,2015-01-01-00:0,,,,,,,,,,,,,,,,,,,6063
1008708,2015,WestRock CP  LLC--Hopewell Mill (Formerly RockTenn),Used Oil,,0.051,,,,,,,,,,,.07,1.8,1801.9,2015-12-31-00:0,Tier 1 (Equation C-1),0,0,2015-01-01-00:0,,,,,,,,,,,,,,,,,,,LK1
1002846,2015,Hood Container of Louisiana  LLC,Natural Gas (Weighted U.S. Average),,1,,,,,,,,,,,1.35,33.7,26497.3,2015-12-31-00:0,Tier 1 (Equation C-1b  natural gas billing in mmBtu),0,0,2015-01-01-00:0,,,,,,,,,,,,,,,,,,,Lime Kiln
1007069,2015,Expera Old Town LLC,Natural Gas (Weighted U.S. Average),,,,,,,,,,,,,.56,14,29767.5,2015-12-31-00:0,Tier 1 (Equation C-1),.056,16.7,2015-01-01-00:0,,,,,,,,,,,,,,,,,,,recovery furnace
1006454,2015,LONGVIEW FIBRE PAPER AND PACKAGING  INC,Natural Gas (Weighted U.S. Average),,,,,,,,,,,,,.08,2,4350.8,2015-12-31-00:0,Tier 1 (Equation C-1a  natural gas billing in therms),.008,2.4,2015-01-01-00:0,,,,,,,,,,,,,,,,,,,No. 19 Recovery Furnace / 1261-10
1006454,2015,LONGVIEW FIBRE PAPER AND PACKAGING  INC,Natural Gas (Weighted U.S. Average),,1.00,,,,,,,,,,,.36,9,19156.7,2015-12-31-00:0,Tier 1 (Equation C-1a  natural gas billing in therms),0,0,2015-01-01-00:0,,,,,,,,,,,,,,,,,,,No. 4 Lime Kiln / 1450-00
1005653,2015,INTERNATIONAL PAPER - BOGALUSA MILL,Natural Gas (Weighted U.S. Average),,,,,,,,,,,,,,,,,,,,,.22,5.5,11573.6,2015-12-31-00:0,Monthly,Tier 2 (Equation C-2,.022,6.5,2015-01-01-00:0,,,,,,,,,,Recovery Furnace No. 20
1005653,2015,INTERNATIONAL PAPER - BOGALUSA MILL,Natural Gas (Weighted U.S. Average),,1,,,,,,,,,,,,,,,,,,,2.08,52,40903.7,2015-12-31-00:0,Monthly,Tier 2 (Equation C-2,0,0,2015-01-01-00:0,,,,,,,,,,Lime Kiln
1001733,2015,International Paper - Red River Mill,Natural Gas (Weighted U.S. Average),,,,,,,,,,,,,,,,,,,,,1.17,29.4,62293,2015-12-31-00:0,Monthly,Tier 2 (Equation C-2,.117,35,2015-01-01-00:0,,,,,,,,,,RB3 (NA-41-41)
1007917,2015,ALABAMA RIVER CELLULOSE  LLC,Distillate Fuel Oil No. 4,,0.0047,,,,,,,,,,,.01,.3,328.3,2015-12-31-00:0,Tier 1 (Equation C-1),0,0,2015-01-01-00:0,,,,,,,,,,,,,,,,,,,X003
1007917,2015,ALABAMA RIVER CELLULOSE  LLC,Distillate Fuel Oil No. 2,,,,,,,,,,,,,0,0,9.2,2015-12-31-00:0,Tier 1 (Equation C-1),0,0,2015-01-01-00:0,,,,,,,,,,,,,,,,,,,X012
1000196,2015,International Paper - Pensacola Mill,Natural Gas (Weighted U.S. Average),,,,,,,,,,,,,,,,,,,,,.08,1.9,4093.1,2015-12-31-00:0,Monthly,Tier 2 (Equation C-2,.008,2.3,2015-01-01-00:0,,,,,,,,,,#1 Recovery Boiler
1000196,2015,International Paper - Pensacola Mill,Natural Gas (Weighted U.S. Average),,1,,,,,,,,,,,,,,,,,,,.98,24.6,52216.6,2015-12-31-00:0,Monthly,Tier 2 (Equation C-2,.098,29.3,2015-01-01-00:0,,,,,,,,,,Lime Kiln
1005998,2015,GEORGIA PACIFIC CONSUMER PRODUCTS CAMAS LLC,Natural Gas (Weighted U.S. Average),,1,,,,,,,,,,,,,,,,,,,1.12,28,22043.8,2015-12-31-00:0,Daily,Tier 2 (Equation C-2,0,0,2015-01-01-00:0,,,,,,,,,,4LK
1006256,2015,BOISE PACKAGING & NEWSPRINT LLC - DERIDDER PAPER MILL,Natural Gas (Weighted U.S. Average),,0.788,,,,,,,,,,,,,23549.4,2015-12-31-00:0,Tier 1 (Equation C-1),,,2015-01-01-00:0,,,,,,,,,,,,,,,,,,,Lime Kiln 69-04
1006776,2015,International Paper - Valliant Mill,Petroleum Coke,,0.15,,,,,,,,,,,7.21,180.3,10951.5,2015-12-31-00:0,Tier 1 (Equation C-1),0,0,2015-01-01-00:0,,,,,,,,,,,,,,,,,,,Lime Kiln (EUG E7)
1005579,2015,WestRock CP  LLC - West Point Mill,Natural Gas (Weighted U.S. Average),,0.996,,,,,,,,,,,1.37,34.3,26985.7,2015-12-31-00:0,Tier 1 (Equation C-1),0,0,2015-01-01-00:0,,,,,,,,,,,,,,,,,,,LK1
1008553,2015,WestRock CP  LLC - Stevenson Mill,Natural Gas (Weighted U.S. Average),,,,,,,,,,,,,.1,2.5,5303.4,2015-12-31-00:0,Tier 1 (Equation C-1),.01,3,2015-01-01-00:0,,,,,,,,,,,,,,,,,,,RB1
1000230,2015,Blue Ridge Paper Products Inc.,Residual Fuel Oil No. 6,,,,,,,,,,,,,.19,4.9,4879.4,2015-12-31-00:0,Tier 1 (Equation C-1),.039,11.6,2015-01-01-00:0,,,,,,,,,,,,,,,,,,,Recovery Furnace No.11
1000230,2015,Blue Ridge Paper Products Inc.,Natural Gas (Weighted U.S. Average),,0.7198,,,,,,,,,,,.52,13.1,10262.5,2015-12-31-00:0,Tier 1 (Equation C-1),0,0,2015-01-01-00:0,,,,,,,,,,,,,,,,,,,Lime Kiln No.4
1000426,2015,KapStone Charleston Kraft LLC,Residual Fuel Oil No. 6,,,,,,,,,,,,,,,,2015-12-31-00:0,Tier 1 (Equation C-1),,,2015-01-01-00:0,,,,,,,,,,,,,,,,,,,No. 1 Recovery Boiler/REC004
1000426,2015,KapStone Charleston Kraft LLC,Residual Fuel Oil No. 6,,1,,,,,,,,,,,.03,.8,844.9,2015-12-31-00:0,Tier 1 (Equation C-1),0,0,2015-01-01-00:0,,,,,,,,,,,,,,,,,,,No. 4 Lime Kiln/CP001
1000426,2015,KapStone Charleston Kraft LLC,Natural Gas (Weighted U.S. Average),,0.93,,,,,,,,,,,3,75.1,59000.9,2015-12-31-00:0,Tier 1 (Equation C-1b  natural gas billing in mmBtu),0,0,2015-01-01-00:0,,,,,,,,,,,,,,,,,,,No. 5 Lime Kiln/CP002
1007226,2015,International Paper-Riegelwood,Residual Fuel Oil No. 6,,,,,,Once per fuel lot,0,20,,,,,,,,,,,,,,,,,,,,,,.43,10.9,11687.4,2015-12-31-00:0,Tier 3 (Equation C-4,.087,25.9,,2015-01-01-00:0,RB5
1002272,2015,WestRock CP  LLC - Fernandina Beach Mill (Formerly Smurfit-Stone),Natural Gas (Weighted U.S. Average),,1,,,,,,,,,,,2.48,62,48741.5,2015-12-31-00:0,Tier 1 (Equation C-1),0,0,2015-01-01-00:0,,,,,,,,,,,,,,,,,,,LK4
1007912,2015,International Paper - Georgetown Mill,Natural Gas (Weighted U.S. Average),,,,,,,,,,,,,,,,,,,,,0,0,95.2,2015-12-31-00:0,Monthly,Tier 2 (Equation C-2,0,.1,2015-01-01-00:0,,,,,,,,,,No. 1 Recovery Boiler
1007912,2015,International Paper - Georgetown Mill,Natural Gas (Weighted U.S. Average),,,,,,,,,,,,,,,,,,,,,0,0,94.8,2015-12-31-00:0,Monthly,Tier 2 (Equation C-2,0,.1,2015-01-01-00:0,,,,,,,,,,No. 2 Recovery Boiler
1007912,2015,International Paper - Georgetown Mill,Residual Fuel Oil No. 6,,,,,,,,,,,,,,,,,,,,,.13,3.4,3359.4,2015-12-31-00:0,Monthly,Tier 2 (Equation C-2,.027,8,2015-01-01-00:0,,,,,,,,,,No. 2 Recovery Boiler
1006803,2015,INTERNATIONAL PAPER SAVANNA MILL,Residual Fuel Oil No. 6,,0.01,,,,,,,,,,,,,,,,,,,0,.1,81.4,2015-12-31-00:0,Upon addition of oil to the storage tank,Tier 2 (Equation C-2,.001,.2,2015-01-01-00:0,,,,,,,,,,LK07
1001807,2015,RAYONIER PERFORMANCE FIBERS LLC  JESUP MILL,Residual Fuel Oil No. 6,,0.0663,,,,,,,,,,,.25,6.1,6821,2015-12-31-00:0,Tier 1 (Equation C-1),0,0,2015-01-01-00:0,,,,,,,,,,,,,,,,,,,D Lime Kiln
1000602,2015,GRAPHIC PACKAGING INTERNATIONAL INC - WEST MONROE MILL #31,Natural Gas (Weighted U.S. Average),,,,,,,,,,,,,.1,2.5,5411.2,2015-12-31-00:0,Tier 1 (Equation C-1),.01,3,2015-01-01-00:0,,,,,,,,,,,,,,,,,,,No. 5 Recovery Boiler (L03007/L03008)
1002098,2015,GREEN BAY PACKAGING/ARK KRAFT,Natural Gas (Weighted U.S. Average),,1,,,,,,,,,,,.84,20.9,16430.6,2015-12-31-00:0,Tier 1 (Equation C-1),0,0,2015-01-01-00:0,,,,,,,,,,,,,,,,,,,Unit 2 (#2 Lime Kiln  SN-08)
1006975,2015,GEORGIA-PACIFIC PORT HUDSON OPERATIONS,Natural Gas (Weighted U.S. Average),,0.50053,,,,,,,,,,,,,,,,,,,.2,4.9,10385.9,2015-12-31-00:0,Monthly,Tier 2 (Equation C-2,.02,5.8,2015-01-01-00:0,,,,,,,,,,LK02
1006975,2015,GEORGIA-PACIFIC PORT HUDSON OPERATIONS,Natural Gas (Weighted U.S. Average),,0.4905,,,,,,,,,,,,,,,,,,,.25,6.4,13499.3,2015-12-31-00:0,Monthly,Tier 2 (Equation C-2,.025,7.6,2015-01-01-00:0,,,,,,,,,,LK01
1004199,2015,P.H. Glatfelter Company,Residual Fuel Oil No. 6,,1,,,,,,,,,,,1.04,26,28981.2,2015-12-31-00:0,Tier 1 (Equation C-1),.116,34.5,2015-01-01-00:0,,,,,,,,,,,,,,,,,,,Calciner
1007627,2015,GEORGIA PACIFIC MONTICELLO LLC,Natural Gas (Weighted U.S. Average),,,,,,,,,,,,,,,,,,,,,.18,4.6,9689.7,2015-12-31-00:0,Monthly,Tier 2 (Equation C-2,.018,5.4,2015-01-01-00:0,,,,,,,,,,#2 Recovery Boiler
1003501,2015,EVERGREEN PACKAGING-PINE BLUFF,Natural Gas (Weighted U.S. Average),,,,,,,,,,,,,.03,.8,1757.8,2015-12-31-00:0,Tier 1 (Equation C-1),.003,1,2015-01-01-00:0,,,,,,,,,,,,,,,,,,,Recovery Boiler No. 3
1000345,2015,Foley Cellulose  LLC,Natural Gas (Weighted U.S. Average),,,,,,,,,,,,,.02,.5,1031.6,2015-12-31-00:0,Tier 1 (Equation C-1),.002,.6,2015-01-01-00:0,,,,,,,,,,,,,,,,,,,No. 2 Recovery Boiler
1000345,2015,Foley Cellulose  LLC,Natural Gas (Weighted U.S. Average),,,,,,,,,,,,,0,.1,226,2015-12-31-00:0,Tier 1 (Equation C-1),0,.1,2015-01-01-00:0,,,,,,,,,,,,,,,,,,,No. 3 Recovery Boiler
1000345,2015,Foley Cellulose  LLC,Natural Gas (Weighted U.S. Average),,1,,,,,,,,,,,3.18,79.5,62475.8,2015-12-31-00:0,Tier 1 (Equation C-1),0,0,2015-01-01-00:0,,,,,,,,,,,,,,,,,,,No. 4 Lime Kiln
1000262,2015,WestRock Coated Board  LLC,Distillate Fuel Oil No. 2,,0.05,,,,,,,,,,,0,0,9,2015-12-31-00:0,Tier 1 (Equation C-1),0,0,2015-01-01-00:0,,,,,,,,,,,,,,,,,,,No. 1 Lime Kiln
1006262,2015,International Paper-Eastover Mill,Used Oil,,,,,,,,,,,,,,,,,,,,,.09,2.2,2161.7,2015-12-31-00:0,Once per fuel lot,Tier 2 (Equation C-2,.018,5.2,2015-01-01-00:0,,,,,,,,,,No.2 Recovery Furnace
1004886,2015,INTERSTATE PAPER LLC,Residual Fuel Oil No. 6,,0.05,,,,,,,,,,,.01,.3,386.1,2015-12-31-00:0,Tier 1 (Equation C-1),0,0,2015-01-01-00:0,,,,,,,,,,,,,,,,,,,Lime Kiln
1004886,2015,INTERSTATE PAPER LLC,Natural Gas (Weighted U.S. Average),,,,,Use a constant factor,,,,,,,,,,,,,,,,.12,3,6286.6,2015-12-31-00:0,Other (specify),Tier 2 (Equation C-2,.012,3.5,2015-01-01-00:0,,,,,,,,,,Recovery Boiler
1006095,2015,WISCONSIN RAPIDS FIBER AND ENERGY MILL,Distillate Fuel Oil No. 2,,1,,,,,,,,,,,0,0,0,2015-12-31-00:0,Tier 1 (Equation C-1),0,0,2015-01-01-00:0,,,,,,,,,,,,,,,,,,,Lime Kiln (P30)
1006209,2015,Weyerhaeuser NR Company - Flint River,Natural Gas (Weighted U.S. Average),,,,,,,,,,,,,.02,.5,985.6,2015-12-31-00:0,Tier 1 (Equation C-1),.002,.6,2015-01-01-00:0,,,,,,,,,,,,,,,,,,,Recovery Furnace (U500)
1005994,2015,DOMTAR AW LLC ASHDOWN MILL,Natural Gas (Weighted U.S. Average),,,,,,,,,,,,,,,,,,,,,.06,1.6,3399.7,2015-12-31-00:0,Monthly,Tier 2 (Equation C-2,.006,1.9,2015-01-01-00:0,,,,,,,,,,No. 2 Recovery Boiler
1002823,2015,GEORGIA-PACIFIC CEDAR SPRINGS LLC,Residual Fuel Oil No. 6,,,,,,,,,,,,,.47,11.6,11651.8,2015-12-31-00:0,Tier 1 (Equation C-1),.093,27.7,2015-01-01-00:0,,,,,,,,,,,,,,,,,,,No. 3 Recovery Furnace (R402)
1000228,2015,Weyerhaeuser - New Bern,Propane,,,,,,,,,,,,,0,0,0,2015-12-31-00:0,Tier 1 (Equation C-1),0,0,2015-01-01-00:0,,,,,,,,,,,,,,,,,,,Recovery Furnace
1005959,2015,DOMTAR PAPER KINGSPORT MILL,Natural Gas (Weighted U.S. Average),,1,,,,,,,,,,,,,,,,,,,1.65,41.3,32489.1,2015-12-31-00:0,Monthly,Tier 2 (Equation C-2,0,0,2015-01-01-00:0,,,,,,,,,,82-0022-36
1006760,2015,International Paper ROME LINERBOARD MILL,Residual Fuel Oil No. 5,,,,,,Monthly,0,12,,,,,,,,,,,,,,,,,,,,,,.17,4.3,4283.5,2015-12-31-00:0,Tier 3 (Equation C-4,.035,10.4,,2015-01-01-00:0,RF5
1000961,2015,DOMTAR PAPER CO LLC HAWESVILLE MILL,Natural Gas (Weighted U.S. Average),,,,,,,,,,,,,,,,,,,,,.15,3.8,8052.5,2015-12-31-00:0,Semiannually,Tier 2 (Equation C-2,.015,4.5,2015-01-01-00:0,,,,,,,,,,No. 3 Recovery Furnace
1000305,2015,Resolute Forest Product - Coosa Pines Operation,Natural Gas (Weighted U.S. Average),,,,,,,,,,,,,,,,,,,,,.16,4,8387.2,2015-12-31-00:0,Monthly,Tier 2 (Equation C-2,.016,4.7,2015-01-01-00:0,,,,,,,,,,Z003
1006958,2015,WestRock CP  LLC - Panama City Mill (Formerly RockTenn),Residual Fuel Oil No. 6,,,,,,,,,,,,,.47,11.8,11854,2015-12-31-00:0,Tier 1 (Equation C-1),.095,28.2,2015-01-01-00:0,,,,,,,,,,,,,,,,,,,RF#1
1002733,2015,Brunswick Cellulose  Inc.,Natural Gas (Weighted U.S. Average),,0.947,,,,,,,,,,,,,,,,,,,3.4,85,66851.3,2015-12-31-00:0,Monthly,Tier 2 (Equation C-2,0,0,2015-01-01-00:0,,,,,,,,,,L537
1003470,2015,GRAPHIC PACKAGING INTERNATIONAL,Residual Fuel Oil No. 6,,,,,,,,,,,,,,,,,,,,,.04,.9,910.5,2015-12-31-00:0,Once per fuel lot,Tier 2 (Equation C-2,.007,2.2,2015-01-01-00:0,,,,,,,,,,D001
1005948,2015,GEORGIA-PACIFIC BREWTON LLC,Natural Gas (Weighted U.S. Average),,,,,,,,,,,,,,,,,,,,,.02,.4,887,2015-12-31-00:0,Monthly,Tier 2 (Equation C-2,.002,.5,2015-01-01-00:0,,,,,,,,,,BR-REC1-M003
1005948,2015,GEORGIA-PACIFIC BREWTON LLC,Natural Gas (Weighted U.S. Average),,1,,,,,,,,,,,,,,,,,,,.94,23.4,18417.8,2015-12-31-00:0,Monthly,Tier 2 (Equation C-2,0,0,2015-01-01-00:0,,,,,,,,,,BR-CRP5-S010
1007135,2015,GEORGIA PACIFIC CONSUMER OPERATIONS LLC,Natural Gas (Weighted U.S. Average),,1,,,,,,,,,,,,,,,,,,,2.07,51.7,40616.2,2015-12-31-00:0,Daily,Tier 2 (Equation C-2,0,0,2015-01-01-00:0,,,,,,,,,,EU 017 No. 4 Lime Kiln
1008708,2015,WestRock CP  LLC--Hopewell Mill (Formerly RockTenn),Residual Fuel Oil No. 6,,,,,,,,,,,,,.02,.5,538.4,2015-12-31-00:0,Tier 1 (Equation C-1),.004,1.3,2015-01-01-00:0,,,,,,,,,,,,,,,,,,,RF1
1002846,2015,Hood Container of Louisiana  LLC,Natural Gas (Weighted U.S. Average),,,,,,,,,,,,,.14,3.6,7672.6,2015-12-31-00:0,Tier 1 (Equation C-1b  natural gas billing in mmBtu),.014,4.3,2015-01-01-00:0,,,,,,,,,,,,,,,,,,,Recovery Furnace
1007069,2015,Expera Old Town LLC,Residual Fuel Oil No. 6,,,,,,,,,,,,,.47,11.7,11709.5,2015-12-31-00:0,Tier 1 (Equation C-1),.094,27.9,2015-01-01-00:0,,,,,,,,,,,,,,,,,,,recovery furnace
1004017,2015,CASCADE PACIFIC PULP HALSEY PULP MILL,Natural Gas (Weighted U.S. Average),,1,,,,,,,,,,,1.49,37.2,29246.1,2015-12-31-00:0,Tier 1 (Equation C-1),0,0,2015-01-01-00:0,,,,,,,,,,,,,,,,,,,LIme Kiln
1005706,2015,Domtar Paper Company  LLC,Natural Gas (Weighted U.S. Average),,,,,,,,,,,,,.18,4.5,9491.3,2015-12-31-00:0,Tier 1 (Equation C-1),.018,5.3,2015-01-01-00:0,,,,,,,,,,,,,,,,,,,Chemical Recovery Furnace
1005653,2015,INTERNATIONAL PAPER - BOGALUSA MILL,Natural Gas (Weighted U.S. Average),,,,,,,,,,,,,,,,,,,,,.14,3.4,7302.6,2015-12-31-00:0,Monthly,Tier 2 (Equation C-2,.014,4.1,2015-01-01-00:0,,,,,,,,,,Recovery Furnace No. 21
1005998,2015,GEORGIA PACIFIC CONSUMER PRODUCTS CAMAS LLC,Natural Gas (Weighted U.S. Average),,,,,,,,,,,,,,,,,,,,,.06,1.6,3340.6,2015-12-31-00:0,Daily,Tier 2 (Equation C-2,.006,1.9,2015-01-01-00:0,,,,,,,,,,4RF
1006256,2015,BOISE PACKAGING & NEWSPRINT LLC - DERIDDER PAPER MILL,Petroleum Coke,,0.212,,,,,,,,,,,.32,8.1,12226.7,2015-12-31-00:0,Tier 1 (Equation C-1),0,0,2015-01-01-00:0,,,,,,,,,,,,,,,,,,,Lime Kiln 69-04
1006256,2015,BOISE PACKAGING & NEWSPRINT LLC - DERIDDER PAPER MILL,Natural Gas (Weighted U.S. Average),,,,,,,,,,,,,.09,2.3,4929,2015-12-31-00:0,Tier 1 (Equation C-1),.009,2.8,2015-01-01-00:0,,,,,,,,,,,,,,,,,,,Recovery Boiler 69-01
1007273,2015,Expera Specialty Solutions LLC - Mosinee Mill,Natural Gas (Weighted U.S. Average),,,,,,,,,,,,,.07,1.9,3941.3,2015-12-31-00:0,Tier 1 (Equation C-1a  natural gas billing in therms),.007,2.2,2015-01-01-00:0,,,,,,,,,,,,,,,,,,,#14 Recovery Boiler (B21)
1007273,2015,Expera Specialty Solutions LLC - Mosinee Mill,Residual Fuel Oil No. 6,,,,,,,,,,,,,.05,1.2,1189.9,2015-12-31-00:0,Tier 1 (Equation C-1),.01,2.8,2015-01-01-00:0,,,,,,,,,,,,,,,,,,,#14 Recovery Boiler (B21)
1006703,2015,WEYERHAEUSER NR COMPANY COLUMBUS CELLULOSE FIBERS,Natural Gas (Weighted U.S. Average),,,,,,,,,,,,,.06,1.4,3015.9,2015-12-31-00:0,Tier 1 (Equation C-1b  natural gas billing in mmBtu),.006,1.7,2015-01-01-00:0,,,,,,,,,,,,,,,,,,,Recovery Boiler
1006703,2015,WEYERHAEUSER NR COMPANY COLUMBUS CELLULOSE FIBERS,Distillate Fuel Oil No. 2,,,,,,,,,,,,,,,,,,,,,.1,2.4,2348.3,2015-12-31-00:0,Monthly,Tier 2 (Equation C-2,.019,5.7,2015-01-01-00:0,,,,,,,,,,Recovery Boiler
1000230,2015,Blue Ridge Paper Products Inc.,Residual Fuel Oil No. 6,,0.2220,,,,,,,,,,,.26,6.4,7102.6,2015-12-31-00:0,Tier 1 (Equation C-1),0,0,2015-01-01-00:0,,,,,,,,,,,,,,,,,,,Lime Kiln No.5
1000426,2015,KapStone Charleston Kraft LLC,Residual Fuel Oil No. 6,,0.07,,,,,,,,,,,.23,5.7,6337.3,2015-12-31-00:0,Tier 1 (Equation C-1),0,0,2015-01-01-00:0,,,,,,,,,,,,,,,,,,,No. 5 Lime Kiln/CP002
1007226,2015,International Paper-Riegelwood,Natural Gas (Weighted U.S. Average),,0.83,,,,,,,,,,,,,,,,,,,2.89,72.4,56882.2,2015-12-31-00:0,Monthly,Tier 2 (Equation C-2,0,0,2015-01-01-00:0,,,,,,,,,,LK4
1005738,2015,International Paper - Mansfield Mill,Natural Gas (Weighted U.S. Average),,,,,,,,,,,,,,,,,,,,,.45,11.2,23726.3,2015-12-31-00:0,Monthly,Tier 2 (Equation C-2,.045,13.3,2015-01-01-00:0,,,,,,,,,,No. 1 Recovery Boiler
1005738,2015,International Paper - Mansfield Mill,Natural Gas (Weighted U.S. Average),,1,,,,,,,,,,,,,,,,,,,2.15,53.6,42165.4,2015-12-31-00:0,Monthly,Tier 2 (Equation C-2,0,0,2015-01-01-00:0,,,,,,,,,,Lime Kiln
1002272,2015,WestRock CP  LLC - Fernandina Beach Mill (Formerly Smurfit-Stone),Used Oil,,,,,,,,,,,,,.01,.1,135.5,2015-12-31-00:0,Tier 1 (Equation C-1),.001,.3,2015-01-01-00:0,,,,,,,,,,,,,,,,,,,RB4
1007912,2015,International Paper - Georgetown Mill,Natural Gas (Weighted U.S. Average),,1,,,,,,,,,,,,,,,,,,,1.65,41.2,32382.8,2015-12-31-00:0,Monthly,Tier 2 (Equation C-2,0,0,2015-01-01-00:0,,,,,,,,,,No. 1 Lime Kiln
1000593,2015,VERSO ANDROSCOGGIN LLC,Used Oil,,0.108,,,,,,,,,,,.16,4.1,4018.6,2015-12-31-00:0,Tier 1 (Equation C-1),.033,9.7,2015-01-01-00:0,,,,,,,,,,,,,,,,,,,B Lime Kiln
1002098,2015,GREEN BAY PACKAGING/ARK KRAFT,Natural Gas (Weighted U.S. Average),,,,,,,,,,,,,.06,1.4,2971.6,2015-12-31-00:0,Tier 1 (Equation C-1),.006,1.7,2015-01-01-00:0,,,,,,,,,,,,,,,,,,,Unit 1 (Recover Boiler  SN-05A)
1006975,2015,GEORGIA-PACIFIC PORT HUDSON OPERATIONS,Natural Gas (Weighted U.S. Average),,,,,,,,,,,,,,,,,,,,,.17,4.2,9006,2015-12-31-00:0,Monthly,Tier 2 (Equation C-2,.017,5.1,2015-01-01-00:0,,,,,,,,,,RF01
1004901,2015,WEYERHAEUSER PORT WENTWORTH,Natural Gas (Weighted U.S. Average),,1.0,,,,,,,,,,,.66,16.5,35027.1,2015-12-31-00:0,Tier 1 (Equation C-1),.066,19.7,2015-01-01-00:0,,,,,,,,,,,,,,,,,,,LK01
1007964,2015,West Rock Mill Company  LLC,Natural Gas (Weighted U.S. Average),,1,,,,,,,,,,,2.47,61.8,48615.7,2015-12-31-00:0,Tier 1 (Equation C-1),0,0,2015-01-01-00:0,,,,,,,,,,,,,,,,,,,LK3
1004396,2015,DOMTAR A. W. LLC-NEKOOSA,Natural Gas (Weighted U.S. Average),,1.0,,,,,,,,,,,.64,16,12601,2015-12-31-00:0,Tier 1 (Equation C-1),0,0,2015-01-01-00:0,,,,,,,,,,,,,,,,,,,P22
1000258,2015,International Paper-Franklin Mill,Natural Gas (Weighted U.S. Average),,1.0,,,,,,,,,,,1.62,40.5,31812.2,2015-12-31-00:0,Tier 1 (Equation C-1),0,0,2015-01-01-00:0,,,,,,,,,,,,,,,,,,,Lime Kiln 4
1000166,2015,KapStone Paper and Packaging Corp,Natural Gas (Weighted U.S. Average),,0.99,,,,,,,,,,,,,,,,,,,1.37,34.3,26994.1,2015-12-31-00:0,Daily,Tier 2 (Equation C-2,0,0,2015-01-01-00:0,,,,,,,,,,09-PU-004
1007867,2015,Packaging Corporation of America,Distillate Fuel Oil No. 2,,,,,,,,,,,,,.03,.6,619.9,2015-12-31-00:0,Tier 1 (Equation C-1),.005,1.5,2015-01-01-00:0,,,,,,,,,,,,,,,,,,,Recovery Boiler #2
1007867,2015,Packaging Corporation of America,Natural Gas (Weighted U.S. Average),,,,,,,,,,,,,,,,,,,,,.05,1.4,2910.4,2015-12-31-00:0,Daily,Tier 2 (Equation C-2,.005,1.6,2015-01-01-00:0,,,,,,,,,,Recovery Boiler #1
1000348,2015,Resolute FP US Inc. - Catawba Operations,Natural Gas (Weighted U.S. Average),,0.99999,,,,,,,,,,,2.09,52.2,40996.1,2015-12-31-00:0,Tier 1 (Equation C-1),0,0,2015-01-01-00:0,,,,,,,,,,,,,,,,,,,07-2723
1006262,2015,International Paper-Eastover Mill,Residual Fuel Oil No. 6,,0.997,,,,,,,,,,,,,,,,,,,1.32,33,36717.1,2015-12-31-00:0,Once per fuel lot,Tier 2 (Equation C-2,0,0,2015-01-01-00:0,,,,,,,,,,No.1 Lime Kiln
1004055,2015,GEORGIA-PACIFIC TOLEDO LLC,Natural Gas (Weighted U.S. Average),,1.0,,,,,,,,,,,,,,,,,,,.2,4.9,10434.1,2015-12-31-00:0,Monthly,Tier 2 (Equation C-2,.02,5.9,2015-01-01-00:0,,,,,,,,,,EU1 Lime Kiln #1
1006095,2015,WISCONSIN RAPIDS FIBER AND ENERGY MILL,Natural Gas (Weighted U.S. Average),,1,,,,,,,,,,,1.94,48.4,38078.9,2015-12-31-00:0,Tier 1 (Equation C-1),0,0,2015-01-01-00:0,,,,,,,,,,,,,,,,,,,Lime Kiln (P30)
1006885,2015,International Paper Ticonderoga Mill,Residual Fuel Oil No. 6,,,,,,Once per fuel lot,0,5,,,,,,,,,,,,,,,,,,,,,,.78,19.5,20478.4,2015-12-31-00:0,Tier 3 (Equation C-4,.156,46.5,,2015-01-01-00:0,RF1
1002823,2015,GEORGIA-PACIFIC CEDAR SPRINGS LLC,Residual Fuel Oil No. 6,,0.04,,,,,,,,,,,.06,1.4,1554.6,2015-12-31-00:0,Tier 1 (Equation C-1),0,0,2015-01-01-00:0,,,,,,,,,,,,,,,,,,,No. 2 Lime Kiln (L601)
1000311,2015,Resolute Forest Products Calhoun Operation,Natural Gas (Weighted U.S. Average),,,,,,,,,,,,,.6,14.9,31674.8,2015-12-31-00:0,Tier 1 (Equation C-1),.06,17.8,2015-01-01-00:0,,,,,,,,,,,,,,,,,,,No.3 Recovery Furnace
1002708,2015,CLEARWATER PAPER CORP-CYPRESS BEND MILL,Natural Gas (Weighted U.S. Average),,,,,,,,,,,,,,,,,,,,,.24,6,12693.3,2015-12-31-00:0,Daily,Tier 2 (Equation C-2,.024,7.1,2015-01-01-00:0,,,,,,,,,,#1 Recovery Boiler
1002113,2015,International Paper - Pine Hill Mill,Natural Gas (Weighted U.S. Average),,0.703,,,,,,,,,,,1.38,34.4,27047,2015-12-31-00:0,Tier 1 (Equation C-1),0,0,2015-01-01-00:0,,,,,,,,,,,,,,,,,,,LK1
1003048,2015,SAPPI FINE PAPER (S.D. WARREN ) MILL,Natural Gas (Weighted U.S. Average),,1,,,,,,,,,,,,,,,,,,,1.99,49.8,39165.7,2015-12-31-00:0,Monthly,Tier 2 (Equation C-2,0,0,2015-01-01-00:0,,,,,,,,,,Lime Kiln
1006760,2015,International Paper ROME LINERBOARD MILL,Distillate Fuel Oil No. 2,,0,,,,,,,,,,,,,,,,,,,0,0,0,2015-12-31-00:0,Once per fuel lot,Tier 2 (Equation C-2,0,0,2015-01-01-00:0,,,,,,,,,,LK1
1005669,2015,APPLETON ROARING SPRING PAPER MFG,Natural Gas (Weighted U.S. Average),,0.99,,,,,,,,,,,.15,3.7,7830.2,2015-12-31-00:0,Tier 1 (Equation C-1),.015,4.4,2015-01-01-00:0,,,,,,,,,,,,,,,,,,,103A - Lime Kiln
1005948,2015,GEORGIA-PACIFIC BREWTON LLC,Residual Fuel Oil No. 6,,,,,,,,,,,,,,,,,,,,,.38,9.5,9508.1,2015-12-31-00:0,Monthly,Tier 2 (Equation C-2,.076,22.6,2015-01-01-00:0,,,,,,,,,,BR-REC1-M003
1005948,2015,GEORGIA-PACIFIC BREWTON LLC,Natural Gas (Weighted U.S. Average),,,,,,,,,,,,,,,,,,,,,.01,.3,621.2,2015-12-31-00:0,Monthly,Tier 2 (Equation C-2,.001,.3,2015-01-01-00:0,,,,,,,,,,BR-REC2-M006
1003419,2015,WestRock CP  LLC,Natural Gas (Weighted U.S. Average),,,,,,,,,,,,,.05,1.3,2853.8,2015-12-31-00:0,Tier 1 (Equation C-1),.005,1.6,2015-01-01-00:0,,,,,,,,,,,,,,,,,,,N001
1005706,2015,Domtar Paper Company  LLC,Natural Gas (Weighted U.S. Average),,1,,,,,,,,,,,.95,23.7,18644.1,2015-12-31-00:0,Tier 1 (Equation C-1),0,0,2015-01-01-00:0,,,,,,,,,,,,,,,,,,,Lime Kiln
1005653,2015,INTERNATIONAL PAPER - BOGALUSA MILL,Residual Fuel Oil No. 6,,,,,,,,,,,,,.02,.6,570.7,2015-12-31-00:0,Tier 1 (Equation C-1),.005,1.4,2015-01-01-00:0,,,,,,,,,,,,,,,,,,,Recovery Furnace No. 21
1001889,2015,WOODLAND PULP LLC,Natural Gas (Weighted U.S. Average),,0.100,,,,,,,,,,,1.83,45.8,35973.1,2015-12-31-00:0,Tier 1 (Equation C-1b  natural gas billing in mmBtu),0,0,2015-01-01-00:0,,,,,,,,,,,,,,,,,,,Unit 15
1007917,2015,ALABAMA RIVER CELLULOSE  LLC,Natural Gas (Weighted U.S. Average),,,,,,,,,,,,,.37,9.3,19794.7,2015-12-31-00:0,Tier 1 (Equation C-1),.037,11.1,2015-01-01-00:0,,,,,,,,,,,,,,,,,,,X012
1007917,2015,ALABAMA RIVER CELLULOSE  LLC,Distillate Fuel Oil No. 4,,,,,,,,,,,,,0,0,4.4,2015-12-31-00:0,Tier 1 (Equation C-1),0,0,2015-01-01-00:0,,,,,,,,,,,,,,,,,,,X012
1000434,2015,International Paper - Vicksburg Mill,Natural Gas (Weighted U.S. Average),,,,,,,,,,,,,,,,,,,,,.08,2.1,4493.6,2015-12-31-00:0,Monthly,Tier 2 (Equation C-2,.008,2.5,2015-01-01-00:0,,,,,,,,,,RB1 (AA005)
1006703,2015,WEYERHAEUSER NR COMPANY COLUMBUS CELLULOSE FIBERS,Natural Gas (Weighted U.S. Average),,1.0,,,,,,,,,,,,,,,,,,,.95,23.7,50296.8,2015-12-31-00:0,Monthly,Tier 2 (Equation C-2,.095,28.2,2015-01-01-00:0,,,,,,,,,,Lime Kiln
1006731,2015,International Paper - Augusta Mill,Distillate Fuel Oil No. 2,,,,,,,,,,,,,,,,,,,,,.07,1.8,1758,2015-12-31-00:0,Once per fuel lot,Tier 2 (Equation C-2,.014,4.2,2015-01-01-00:0,,,,,,,,,,RB3
1006731,2015,International Paper - Augusta Mill,Natural Gas (Weighted U.S. Average),,1,,,,,,,,,,,,,,,,,,,1.37,34.3,26965.7,2015-12-31-00:0,Monthly,Tier 2 (Equation C-2,0,0,2015-01-01-00:0,,,,,,,,,,LK2
1005579,2015,WestRock CP  LLC - West Point Mill,Residual Fuel Oil No. 6,,0.004,,,,,,,,,,,.01,.1,156.4,2015-12-31-00:0,Tier 1 (Equation C-1),0,0,2015-01-01-00:0,,,,,,,,,,,,,,,,,,,LK1
1008042,2015,WAUNA MILL,Natural Gas (Weighted U.S. Average),,,,,,,,,,,,,,,,,,,,,.24,6.1,12924.2,2015-12-31-00:0,Monthly,Tier 2 (Equation C-2,.024,7.3,2015-01-01-00:0,,,,,,,,,,Chem Rec Furn - EU24 (Swd & Hwd)
1000183,2015,P H Glatfelter Company - Chillicothe Fac,Distillate Fuel Oil No. 2,,,,,,,,,,,,,.4,10.1,9939.7,2015-12-31-00:0,Tier 1 (Equation C-1),.081,24,2015-01-01-00:0,,,,,,,,,,,,,,,,,,,B011
1000229,2015,Domtar Paper Company LLC - Plymouth,Distillate Fuel Oil No. 2,,,,,,,,,,,,,,,,,,,,,.19,4.8,4752.7,2015-12-31-00:0,Monthly,Tier 2 (Equation C-2,.039,11.5,2015-01-01-00:0,,,,,,,,,,No. 5 Recovery Furnace
1000229,2015,Domtar Paper Company LLC - Plymouth,Natural Gas (Weighted U.S. Average),,0.99,,,,,,,,,,,,,,,,,,,2.38,59.6,46861.3,2015-12-31-00:0,Monthly,Tier 2 (Equation C-2,0,0,2015-01-01-00:0,,,,,,,,,,Lime Kiln
1000256,2015,WestRock Virginia  Covington,Residual Fuel Oil No. 6,,,,,,,,,,,,,.18,4.6,4574.1,2015-12-31-00:0,Tier 1 (Equation C-1),.037,10.9,2015-01-01-00:0,,,,,,,,,,,,,,,,,,,No. 2 Recovery Furnace REC010
1000319,2015,WestRock CP  LLC - Florence Mill,Natural Gas (Weighted U.S. Average),,0.984,,,,,,,,,,,1.16,29,22797.1,2015-12-31-00:0,Tier 1 (Equation C-1),0,0,2015-01-01-00:0,,,,,,,,,,,,,,,,,,,LK2
1007226,2015,International Paper-Riegelwood,Residual Fuel Oil No. 6,,0.17,,,,Once per fuel lot,0,20,,,,,,,,,,,,,,,,,,,,,,.6,15,17953.2,2015-12-31-00:0,Tier 3 (Equation C-4,0,0,,2015-01-01-00:0,LK4
1002272,2015,WestRock CP  LLC - Fernandina Beach Mill (Formerly Smurfit-Stone),Used Oil,,,,,,,,,,,,,.01,.2,163.2,2015-12-31-00:0,Tier 1 (Equation C-1),.001,.4,2015-01-01-00:0,,,,,,,,,,,,,,,,,,,RB5
1006803,2015,INTERNATIONAL PAPER SAVANNA MILL,Natural Gas (Weighted U.S. Average),,0.99,,,,,,,,,,,,,,,,,,,1.04,25.9,55041.6,2015-12-31-00:0,Monthly,Tier 2 (Equation C-2,.104,30.9,2015-01-01-00:0,,,,,,,,,,LK07
1001892,2015,VERSO PAPER QUINNESEC MILL,Natural Gas (Weighted U.S. Average),,1,,,,,,,,,,,2.3,57.4,45141.4,2015-12-31-00:0,Tier 1 (Equation C-1),0,0,2015-01-01-00:0,,,,,,,,,,,,,,,,,,,Lime Kiln
1000593,2015,VERSO ANDROSCOGGIN LLC,Natural Gas (Weighted U.S. Average),,,,,,,,,,,,,.54,13.5,28651.8,2015-12-31-00:0,Tier 1 (Equation C-1),.054,16.1,2015-01-01-00:0,,,,,,,,,,,,,,,,,,,Recovery Boiler 2
1000602,2015,GRAPHIC PACKAGING INTERNATIONAL INC - WEST MONROE MILL #31,Natural Gas (Weighted U.S. Average),,1.0,,,,,,,,,,,1.05,26.2,20571.9,2015-12-31-00:0,Tier 1 (Equation C-1),0,0,2015-01-01-00:0,,,,,,,,,,,,,,,,,,,No. 2 Lime Kiln (L04003)
1008025,2015,LEAF RIVER CELLULOSE LLC,Petroleum Coke,,0.36,,,,,,,,,,,.81,20.1,30523.3,2015-12-31-00:0,Tier 1 (Equation C-1),0,0,2015-01-01-00:0,,,,,,,,,,,,,,,,,,,AA-013
1006975,2015,GEORGIA-PACIFIC PORT HUDSON OPERATIONS,Petroleum Coke,,0.49947,,,,,,,,,,,,,,,,,,,.53,13.3,20002.5,2015-12-31-00:0,Monthly,Tier 2 (Equation C-2,0,0,2015-01-01-00:0,,,,,,,,,,LK02
1007964,2015,West Rock Mill Company  LLC,Distillate Fuel Oil No. 2,,,,,,,,,,,,,.06,1.5,1491.2,2015-12-31-00:0,Tier 1 (Equation C-1),.012,3.6,2015-01-01-00:0,,,,,,,,,,,,,,,,,,,RF3
1004199,2015,P.H. Glatfelter Company,Distillate Fuel Oil No. 2,,1,,,,,,,,,,,0,0,47.2,2015-12-31-00:0,Tier 1 (Equation C-1),0,.1,2015-01-01-00:0,,,,,,,,,,,,,,,,,,,Calciner
1007627,2015,GEORGIA PACIFIC MONTICELLO LLC,Natural Gas (Weighted U.S. Average),,0.0554,,,,,,,,,,,,,,,,,,,3.23,80.7,63430.8,2015-12-31-00:0,Monthly,Tier 2 (Equation C-2,0,0,2015-01-01-00:0,,,,,,,,,,Lime Kiln
1004705,2015,CLEARWATER PAPER CORP,Natural Gas (Weighted U.S. Average),,,,,,,,,,,,,.22,5.4,11473.1,2015-12-31-00:0,Tier 1 (Equation C-1),.022,6.4,2015-01-01-00:0,,,,,,,,,,,,,,,,,,,Number 4 Recovery Furnace
1004705,2015,CLEARWATER PAPER CORP,Natural Gas (Weighted U.S. Average),,1,,,,,,,,,,,1.72,43.1,33875.3,2015-12-31-00:0,Tier 1 (Equation C-1),0,0,2015-01-01-00:0,,,,,,,,,,,,,,,,,,,Number 4 Lime Kiln
1003501,2015,EVERGREEN PACKAGING-PINE BLUFF,Residual Fuel Oil No. 6,,1,,,,,,,,,,,0,0,0,2015-12-31-00:0,Tier 1 (Equation C-1),0,0,2015-01-01-00:0,,,,,,,,,,,,,,,,,,,Lime Kiln No. 2
1007196,2015,Wickliffe Paper Company,Natural Gas (Weighted U.S. Average),,1,,,,,,,,,,,,,,,,,,,1.12,28.1,22092,2015-12-31-00:0,Semiannually,Tier 2 (Equation C-2,0,0,2015-01-01-00:0,,,,,,,,,,08
1005909,2015,International Paper - Orange Mill,Natural Gas (Weighted U.S. Average),,,,,,,,,,,,,,,,,,,,,.17,4.2,8963.6,2015-12-31-00:0,Monthly,Tier 2 (Equation C-2,.017,5,2015-01-01-00:0,,,,,,,,,,RF1
1005909,2015,International Paper - Orange Mill,Natural Gas (Weighted U.S. Average),,1,,,,,,,,,,,,,,,,,,,2.13,53.3,41892.5,2015-12-31-00:0,Monthly,Tier 2 (Equation C-2,0,0,2015-01-01-00:0,,,,,,,,,,LK
1006262,2015,International Paper-Eastover Mill,Natural Gas (Weighted U.S. Average),,0.991,,,,,,,,,,,,,,,,,,,1.96,49.1,38614.2,2015-12-31-00:0,Monthly,Tier 2 (Equation C-2,0,0,2015-01-01-00:0,,,,,,,,,,No.2 Lime Kiln
1006262,2015,International Paper-Eastover Mill,Distillate Fuel Oil No. 2,,0.003,,,,,,,,,,,,,,,,,,,0,.1,100.6,2015-12-31-00:0,Monthly,Tier 2 (Equation C-2,0,0,2015-01-01-00:0,,,,,,,,,,No.1 Lime Kiln
1005994,2015,DOMTAR AW LLC ASHDOWN MILL,Natural Gas (Weighted U.S. Average),,,,,,,,,,,,,,,,,,,,,.24,5.9,12509.4,2015-12-31-00:0,Monthly,Tier 2 (Equation C-2,.024,7,2015-01-01-00:0,,,,,,,,,,No. 3 Recovery Boiler
1005994,2015,DOMTAR AW LLC ASHDOWN MILL,Natural Gas (Weighted U.S. Average),,1.0,,,,,,,,,,,,,,,,,,,.76,19,40360.4,2015-12-31-00:0,Monthly,Tier 2 (Equation C-2,.076,22.7,2015-01-01-00:0,,,,,,,,,,No. 3 Lime Kiln
1000228,2015,Weyerhaeuser - New Bern,Natural Gas (Weighted U.S. Average),,0.98,,,,,,,,,,,,,,,,,,,1.76,44.1,34643.2,2015-12-31-00:0,Daily,Tier 2 (Equation C-2,0,0,2015-01-01-00:0,,,,,,,,,,Lime Kiln
1000228,2015,Weyerhaeuser - New Bern,Distillate Fuel Oil No. 2,,0,,,,,,,,,,,0,0,0,2015-12-31-00:0,Tier 1 (Equation C-1),0,0,2015-01-01-00:0,,,,,,,,,,,,,,,,,,,Lime Kiln
1001237,2015,Luke Paper Company,Natural Gas (Weighted U.S. Average),,1,,,,,,,,,,,1.79,44.7,35115.2,2015-12-31-00:0,Tier 1 (Equation C-1),0,0,2015-01-01-00:0,,,,,,,,,,,,,,,,,,,Lime Kiln
1002708,2015,CLEARWATER PAPER CORP-CYPRESS BEND MILL,Natural Gas (Weighted U.S. Average),,1.0,,,,,,,,,,,,,,,,,,,1.22,30.4,23889.6,2015-12-31-00:0,Daily,Tier 2 (Equation C-2,0,0,2015-01-01-00:0,,,,,,,,,,#1 Lime Kiln
1003048,2015,SAPPI FINE PAPER (S.D. WARREN ) MILL,Residual Fuel Oil No. 6,,,,,,Quarterly,0,4,,,,,,,,,,,,,,,,,,,,,,.18,4.5,4795.1,2015-12-31-00:0,Tier 3 (Equation C-4,.036,10.6,,2015-01-01-00:0,Recovery Boiler
1002733,2015,Brunswick Cellulose  Inc.,Residual Fuel Oil No. 6,,,,,,Once per fuel lot,0,11,,,,,,,,,,,,,,,,,,,,,,.26,6.5,6990.1,2015-12-31-00:0,Tier 3 (Equation C-4,.052,15.5,,2015-01-01-00:0,R401
1002733,2015,Brunswick Cellulose  Inc.,Natural Gas (Weighted U.S. Average),,,,,,,,,,,,,,,,,,,,,.05,1.2,2453.9,2015-12-31-00:0,Monthly,Tier 2 (Equation C-2,.005,1.4,2015-01-01-00:0,,,,,,,,,,R407
1003470,2015,GRAPHIC PACKAGING INTERNATIONAL,Residual Fuel Oil No. 6,,0.03,,,,,,,,,,,,,,,,,,,.02,.5,551.4,2015-12-31-00:0,Once per fuel lot,Tier 2 (Equation C-2,0,0,2015-01-01-00:0,,,,,,,,,,L002
1005732,2015,PORT TOWNSEND PAPER CORP,Other Oil (>401 deg F),,0,,,,,,,,,,,1.13,28.3,28743.5,2015-12-31-00:0,Tier 1 (Equation C-1),0,0,2015-01-01-00:0,,,,,,,,,,,,,,,,,,,Lime Kiln
1000624,2015,WestRock Tacoma Mill,Natural Gas (Weighted U.S. Average),,1,,,,,,,,,,,.43,10.8,8478.2,2015-12-31-00:0,Tier 1 (Equation C-1b  natural gas billing in mmBtu),0,0,2015-01-01-00:0,,,,,,,,,,,,,,,,,,,Lime kiln #2
1002339,2015,THILMANY MILL,Residual Fuel Oil No. 6,,,,,,,,,,,,,0,.1,106.2,2015-12-31-00:0,Tier 1 (Equation C-1),.001,.3,2015-01-01-00:0,,,,,,,,,,,,,,,,,,,8 Kraft Recovery Furnace/B08
